ff_e1,ff_e2,ff_e3,ff_e4,ff_e5,ff_e6,ff_e7,ff_e8,ff_e9,ff_e10,ff_e11,ff_e12,ff_e13,ff_e14,ff_e15,ff_e16,ff_e17,ff_e18,ff_e19,ff_e20,ff_e21,ff_e22,ff_e23,ff_e24,mf_e1,mf_e2,mf_e3,mf_e4,mf_e5,mf_e6,mf_e7,mf_e8,mf_e9,mf_e10,mf_e11,mf_e12,mf_e13,mf_e14,mf_e15,mf_e16,mf_e17,mf_e18,mf_e19,mf_e20,mf_e21,mf_e22,mf_e23,mf_e24,th_e1,th_e2,th_e3,th_e4,th_e5,th_e6,th_e7,th_e8,th_e9,th_e10,th_e11,th_e12,th_e13,th_e14,th_e15,th_e16,th_e17,th_e18,th_e19,th_e20,th_e21,th_e22,th_e23,th_e24
3097,3337,3031,3322,3011,3163,3208,2743,3013,2687,2984,3324,2952,3137,2970,2892,3134,2288,2741,2538,3377,3350,3336,3187,3414,3625,3501,3603,3400,3519,3656,3420,3516,3455,3482,3658,3562,3485,3256,3563,3476,3328,3012,2905,3654,3628,3622,3459,3107,3361,3162,3351,3274,3083,3402,3263,3193,2810,2980,3323,2888,3192,3244,2991,3213,3210,2767,2580,3378,3383,3371,3292
3097,3337,3031,3322,3011,3177,3208,2741,2989,2694,2983,3331,2955,3134,2972,2896,3134,2287,2736,2541,3380,3345,3339,3187,3414,3625,3501,3603,3400,3511,3656,3422,3519,3461,3482,3655,3564,3483,3264,3564,3482,3328,3012,2901,3659,3626,3626,3475,3107,3361,3162,3351,3274,3085,3405,3272,3196,2808,2982,3330,2892,3199,3238,2994,3214,3204,2769,2583,3374,3385,3374,3289
3102,3326,3029,3325,3010,3166,3201,2737,2946,2665,2976,3328,2945,3133,2952,2899,3129,2287,2736,2541,3380,3345,3339,3187,3410,3627,3500,3598,3394,3519,3658,3422,3517,3448,3487,3651,3569,3491,3259,3549,3487,3328,3012,2901,3659,3626,3626,3475,3110,3364,3164,3346,3284,3088,3401,3274,3192,2810,2985,3336,2891,3194,3243,2994,3219,3204,2769,2583,3374,3385,3374,3289
3101,3338,3026,3317,3007,3166,3205,2735,3012,2665,2976,3328,2945,3133,2952,2899,3129,2281,2733,2537,3377,3339,3336,3186,3407,3623,3502,3594,3390,3523,3647,3415,3511,3448,3487,3651,3569,3491,3259,3549,3487,3324,3013,2894,3656,3625,3618,3466,3109,3366,3157,3347,3287,3078,3405,3273,3162,2810,2985,3336,2891,3194,3243,2994,3219,3211,2771,2581,3377,3384,3366,3293
3100,3338,3026,3317,3007,3166,3205,2735,3012,2678,2984,3325,2955,3135,2971,2898,3130,2287,2737,2543,3372,3347,3338,3188,3410,3623,3502,3594,3390,3523,3647,3415,3511,3465,3466,3658,3562,3468,3257,3558,3487,3322,3011,2901,3655,3623,3626,3468,3112,3366,3157,3347,3287,3078,3405,3273,3162,2809,2985,3337,2891,3195,3236,2997,3216,3213,2763,2584,3380,3383,3371,3293
3100,3336,3025,3308,3018,3160,3210,2717,3011,2671,2982,3321,2957,3137,2971,2903,3133,2296,2737,2538,3375,3347,3338,3188,3410,3629,3505,3601,3395,3524,3651,3415,3522,3460,3481,3654,3564,3486,3242,3564,3488,3323,3012,2901,3647,3623,3626,3468,3112,3361,3168,3348,3282,3080,3410,3267,3195,2808,2984,3341,2891,3197,3247,2991,3213,3206,2770,2581,3380,3383,3371,3293
3101,3338,3027,3321,3004,3159,3210,2737,3012,2697,2987,3319,2954,3137,2971,2903,3133,2296,2737,2538,3375,3358,3341,3190,3412,3629,3494,3600,3397,3518,3655,3411,3514,3462,3485,3652,3561,3486,3242,3564,3488,3323,3012,2901,3647,3627,3626,3471,3110,3368,3157,3347,3280,3087,3397,3275,3193,2803,2983,3337,2893,3197,3247,2991,3213,3206,2770,2581,3380,3386,3370,3283
3100,3340,3022,3327,3004,3159,3210,2737,3012,2697,2987,3319,2954,3134,2969,2901,3130,2292,2743,2539,3377,3345,3335,3190,3408,3632,3507,3600,3391,3518,3655,3411,3514,3462,3485,3652,3561,3478,3260,3561,3485,3325,3010,2898,3652,3627,3627,3465,3109,3358,3159,3346,3284,3087,3397,3275,3193,2803,2983,3337,2893,3195,3241,2993,3217,3213,2768,2581,3379,3386,3369,3290
3100,3340,3022,3327,3004,3169,3208,2746,3009,2691,2989,3322,2959,3132,2972,2898,3135,2290,2739,2539,3376,3353,3336,3186,3408,3632,3507,3600,3391,3526,3652,3419,3513,3460,3479,3661,3552,3478,3256,3561,3482,3292,3010,2896,3655,3624,3626,3463,3109,3358,3159,3346,3284,3085,3408,3274,3189,2806,2983,3328,2888,3199,3234,2996,3206,3201,2769,2582,3347,3385,3378,3290
3094,3344,3020,3326,3016,3170,3199,2730,3014,2694,2983,3331,2957,3133,2972,2901,3133,2290,2739,2539,3376,3353,3336,3186,3408,3624,3508,3602,3391,3524,3653,3415,3519,3462,3480,3643,3559,3482,3256,3558,3484,3292,3010,2896,3655,3624,3626,3463,3112,3362,3163,3352,3287,3083,3400,3273,3195,2812,2982,3339,2884,3198,3241,2997,3212,3201,2769,2582,3347,3385,3378,3290
3097,3338,3030,3324,3010,3181,3201,2738,3015,2694,2983,3331,2957,3133,2972,2901,3133,2283,2693,2524,3378,3359,3345,3176,3415,3632,3499,3606,3393,3525,3657,3426,3517,3462,3480,3643,3559,3482,3256,3558,3484,3319,3007,2905,3648,3626,3627,3462,3114,3364,3158,3351,3282,3084,3407,3274,3192,2812,2982,3339,2884,3198,3241,2997,3212,3210,2764,2578,3376,3380,3367,3295
3095,3338,3030,3324,3010,3181,3201,2738,3015,2694,2989,3331,2955,3139,2970,2905,3133,2283,2736,2537,3374,3358,3341,3187,3410,3632,3499,3606,3393,3525,3657,3426,3517,3462,3481,3655,3553,3475,3256,3558,3485,3332,3016,2897,3651,3630,3631,3464,3107,3364,3158,3351,3282,3084,3407,3274,3192,2807,2982,3315,2887,3198,3242,2991,3220,3211,2765,2583,3380,3379,3370,3288
3095,3334,3028,3323,2997,3158,3199,2737,2997,2695,2983,3334,2942,3128,2966,2896,3141,2292,2732,2531,3377,3358,3341,3187,3410,3628,3506,3600,3394,3527,3654,3421,3520,3466,3480,3656,3560,3489,3261,3557,3480,3330,3015,2901,3653,3630,3631,3464,3107,3362,3166,3347,3283,3087,3405,3271,3192,2809,2977,3331,2885,3196,3242,2997,3196,3214,2771,2582,3374,3379,3370,3288
3091,3336,3028,3323,3016,3166,3199,2734,3015,2690,2986,3328,2951,3128,2966,2896,3141,2292,2732,2531,3377,3356,3344,3187,3411,3623,3502,3602,3390,3510,3653,3418,3519,3470,3480,3640,3560,3489,3261,3557,3480,3330,3015,2901,3653,3624,3622,3447,3104,3363,3157,3348,3284,3088,3400,3272,3196,2807,2984,3340,2893,3196,3242,2997,3196,3214,2771,2582,3374,3380,3376,3295
3096,3333,3025,3314,3012,3166,3199,2734,3015,2690,2986,3328,2951,3142,2976,2901,3124,2285,2734,2542,3373,3358,3332,3174,3412,3624,3502,3600,3389,3510,3653,3418,3519,3470,3480,3640,3560,3482,3260,3552,3481,3335,3009,2903,3650,3615,3624,3463,3111,3361,3164,3349,3285,3088,3400,3272,3196,2807,2984,3340,2893,3198,3249,2991,3215,3212,2768,2582,3376,3384,3369,3294
3096,3333,3025,3314,3012,3164,3204,2739,3015,2691,2986,3334,2955,3138,2970,2900,3131,2292,2737,2538,3377,3357,3344,3195,3412,3624,3502,3600,3389,3521,3655,3424,3517,3464,3482,3657,3562,3484,3256,3556,3493,3332,3010,2905,3648,3631,3631,3466,3111,3361,3164,3349,3285,3078,3410,3266,3194,2812,2982,3325,2890,3188,3244,2997,3213,3204,2766,2581,3377,3380,3368,3277
3090,3335,3032,3327,3016,3173,3202,2731,3008,2690,2986,3307,2949,3136,2948,2901,3135,2292,2737,2538,3377,3357,3344,3195,3408,3632,3501,3592,3394,3520,3655,3425,3511,3464,3478,3642,3561,3486,3248,3554,3488,3332,3010,2905,3648,3631,3631,3466,3109,3360,3165,3350,3280,3089,3409,3267,3192,2805,2980,3338,2890,3199,3241,2987,3216,3204,2766,2581,3377,3380,3368,3277
3091,3335,3020,3326,3016,3173,3208,2735,3012,2690,2986,3307,2949,3136,2948,2901,3135,2269,2730,2536,3369,3354,3342,3190,3408,3634,3488,3592,3393,3517,3655,3426,3524,3464,3478,3642,3561,3486,3248,3554,3488,3331,3011,2902,3649,3630,3628,3460,3107,3366,3165,3350,3283,3088,3406,3268,3194,2805,2980,3338,2890,3199,3241,2987,3216,3208,2769,2582,3379,3373,3373,3294
3095,3335,3020,3326,3016,3173,3208,2735,3012,2692,2988,3329,2953,3141,2970,2898,3137,2288,2731,2538,3376,3356,3347,3185,3414,3634,3488,3592,3393,3517,3655,3426,3524,3454,3483,3654,3562,3484,3258,3560,3484,3330,3014,2904,3653,3624,3625,3462,3108,3366,3165,3350,3283,3088,3406,3268,3194,2801,2980,3338,2883,3198,3245,2993,3216,3212,2767,2581,3377,3380,3365,3290
3095,3333,3014,3314,3014,3171,3188,2737,3014,2671,2992,3332,2952,3128,2953,2893,3136,2287,2741,2531,3376,3356,3347,3185,3414,3624,3497,3594,3390,3524,3655,3422,3517,3459,3482,3654,3563,3478,3252,3558,3486,3330,3013,2903,3657,3624,3625,3462,3108,3356,3165,3347,3287,3088,3410,3256,3196,2811,2981,3332,2890,3198,3244,2996,3216,3213,2765,2581,3377,3380,3365,3290
3097,3328,3020,3327,3016,3173,3198,2738,3010,2692,2987,3330,2950,3128,2953,2893,3136,2287,2741,2531,3376,3360,3341,3187,3406,3620,3498,3604,3389,3525,3658,3419,3509,3467,3478,3656,3565,3478,3252,3558,3486,3330,3013,2903,3657,3628,3630,3465,3109,3358,3159,3356,3286,3088,3408,3273,3196,2807,2980,3338,2892,3198,3244,2996,3216,3213,2765,2581,3377,3382,3373,3293
3099,3338,3021,3326,3017,3173,3198,2738,3010,2692,2987,3330,2950,3137,2967,2901,3137,2293,2730,2537,3378,3357,3347,3167,3411,3625,3500,3592,3385,3525,3658,3419,3509,3467,3478,3656,3565,3480,3253,3562,3485,3334,3010,2901,3659,3624,3627,3465,3111,3363,3159,3350,3280,3088,3408,3273,3196,2807,2980,3338,2892,3198,3244,2997,3215,3202,2765,2581,3374,3387,3369,3286
3099,3338,3021,3326,3017,3174,3205,2719,3007,2695,2985,3326,2949,3138,2961,2897,3138,2288,2742,2536,3365,3363,3338,3183,3411,3625,3500,3592,3385,3525,3658,3430,3521,3454,3480,3657,3562,3483,3250,3562,3485,3330,3012,2902,3648,3621,3621,3464,3111,3363,3159,3350,3280,3089,3409,3272,3190,2810,2977,3334,2889,3195,3247,2993,3217,3211,2771,2584,3378,3381,3371,3294
3096,3328,3019,3322,3013,3170,3204,2735,3005,2681,2986,3325,2942,3136,2966,2900,3136,2288,2742,2536,3365,3363,3338,3183,3410,3628,3497,3601,3390,3519,3651,3426,3520,3468,3480,3656,3562,3472,3245,3564,3483,3330,3012,2902,3648,3621,3621,3464,3109,3364,3159,3351,3283,3087,3404,3268,3185,2809,2985,3334,2885,3196,3248,2997,3216,3211,2771,2584,3378,3381,3371,3294
3093,3336,3029,3322,3017,3175,3202,2725,3011,2681,2986,3325,2942,3136,2966,2900,3136,2289,2729,2535,3375,3352,3343,3188,3413,3616,3504,3597,3390,3518,3660,3429,3512,3468,3480,3656,3562,3472,3245,3564,3483,3335,3004,2900,3649,3624,3624,3465,3113,3369,3160,3347,3287,3089,3398,3269,3194,2809,2985,3334,2885,3196,3248,2997,3216,3211,2764,2581,3375,3385,3371,3294
3100,3336,3029,3322,3017,3175,3202,2725,3011,2687,2983,3319,2958,3137,2970,2900,3135,2283,2689,2536,3373,3354,3343,3176,3404,3616,3504,3597,3390,3518,3660,3429,3512,3466,3480,3640,3560,3482,3236,3562,3489,3333,3009,2902,3650,3629,3619,3466,3112,3369,3160,3347,3287,3089,3398,3269,3194,2804,2980,3339,2884,3192,3239,2990,3216,3214,2770,2584,3381,3372,3370,3294
3100,3342,3022,3317,3005,3176,3204,2742,3003,2670,2990,3325,2952,3136,2961,2906,3136,2284,2736,2542,3366,3354,3343,3176,3404,3626,3497,3595,3392,3518,3658,3434,3516,3463,3483,3649,3565,3483,3248,3562,3483,3328,3010,2904,3646,3629,3619,3466,3112,3366,3164,3353,3286,3088,3404,3270,3194,2811,2983,3339,2890,3196,3248,2989,3218,3209,2768,2581,3378,3372,3370,3294
3100,3334,3022,3324,3015,3170,3206,2742,3012,2689,2987,3328,2954,3136,2961,2906,3136,2284,2736,2542,3366,3347,3346,3187,3400,3630,3496,3595,3389,3519,3658,3433,3520,3463,3480,3651,3563,3483,3248,3562,3483,3328,3010,2904,3646,3625,3623,3454,3104,3360,3166,3349,3288,3085,3410,3271,3194,2811,2982,3334,2890,3196,3248,2989,3218,3209,2768,2581,3378,3378,3362,3287
3098,3337,3027,3316,3013,3170,3206,2742,3012,2689,2987,3328,2954,3125,2971,2898,3138,2291,2735,2525,3372,3353,3342,3185,3406,3620,3500,3596,3390,3519,3658,3433,3520,3463,3480,3651,3563,3481,3246,3562,3485,3329,3006,2901,3649,3626,3627,3454,3106,3361,3164,3351,3283,3085,3410,3271,3194,2811,2982,3334,2890,3198,3237,2997,3217,3213,2772,2585,3368,3383,3375,3296
3098,3337,3027,3316,3013,3171,3199,2741,3011,2685,2992,3327,2954,3133,2960,2889,3140,2271,2735,2542,3373,3348,3338,3180,3406,3620,3500,3596,3390,3517,3656,3431,3517,3468,3481,3653,3566,3483,3243,3562,3483,3322,3015,2907,3648,3625,3624,3452,3106,3361,3164,3351,3283,3085,3396,3267,3186,2812,2985,3340,2887,3204,3251,2996,3216,3216,2772,2582,3376,3379,3374,3293
3097,3320,3020,3322,3018,3172,3210,2724,3004,2692,2988,3326,2956,3135,2966,2894,3135,2271,2735,2542,3373,3348,3338,3180,3405,3627,3502,3588,3391,3520,3649,3437,3518,3463,3480,3642,3565,3485,3241,3557,3483,3322,3015,2907,3648,3625,3624,3452,3112,3368,3160,3352,3279,3081,3402,3272,3195,2803,2984,3335,2883,3200,3246,2990,3213,3216,2772,2582,3376,3379,3374,3293
3097,3335,3027,3315,3009,3185,3199,2736,3002,2692,2988,3326,2956,3135,2966,2894,3135,2291,2738,2537,3369,3351,3345,3184,3400,3627,3498,3592,3396,3520,3656,3429,3520,3463,3480,3642,3565,3485,3241,3557,3483,3328,3010,2908,3649,3619,3619,3466,3108,3369,3162,3347,3282,3083,3403,3273,3193,2803,2984,3335,2883,3200,3246,2990,3213,3213,2756,2581,3381,3381,3372,3292
3093,3335,3027,3315,3009,3185,3199,2736,3002,2675,2980,3328,2951,3134,2964,2895,3130,2281,2738,2537,3375,3349,3342,3177,3402,3627,3498,3592,3396,3520,3656,3429,3520,3463,3483,3651,3565,3482,3237,3564,3474,3331,3012,2907,3655,3618,3613,3464,3099,3369,3162,3347,3282,3083,3403,3273,3193,2803,2983,3328,2891,3199,3247,2995,3212,3207,2769,2582,3380,3384,3373,3294
3093,3334,3022,3317,3002,3174,3208,2740,3011,2684,2989,3324,2953,3140,2968,2892,3143,2286,2738,2538,3367,3349,3342,3177,3402,3628,3499,3595,3384,3512,3657,3432,3522,3473,3454,3656,3569,3480,3246,3564,3477,3329,3013,2907,3649,3618,3613,3464,3099,3367,3162,3353,3281,3087,3410,3268,3195,2809,2982,3334,2892,3195,3246,2994,3217,3212,2771,2580,3374,3384,3373,3294
3099,3298,3024,3315,3012,3176,3203,2728,3016,2688,2986,3325,2960,3140,2968,2892,3143,2286,2738,2538,3367,3346,3353,3187,3408,3630,3498,3594,3394,3521,3654,3436,3521,3461,3481,3650,3566,3480,3246,3564,3477,3329,3013,2907,3649,3621,3622,3451,3113,3367,3163,3350,3283,3091,3401,3269,3190,2809,2982,3326,2889,3195,3246,2994,3217,3212,2771,2580,3374,3380,3370,3293
3100,3340,3027,3330,3005,3176,3203,2728,3016,2688,2986,3325,2960,3137,2950,2894,3137,2287,2738,2536,3371,3357,3347,3191,3403,3615,3493,3597,3388,3521,3654,3436,3521,3461,3481,3650,3566,3486,3241,3526,3480,3333,3013,2909,3654,3616,3624,3464,3111,3365,3164,3338,3284,3091,3401,3269,3190,2809,2982,3326,2889,3200,3249,2995,3217,3205,2768,2582,3380,3379,3372,3298
3100,3340,3027,3330,3005,3167,3199,2738,3012,2683,2977,3335,2955,3137,2968,2896,3131,2287,2731,2537,3376,3353,3338,3178,3403,3615,3493,3597,3388,3516,3654,3436,3518,3463,3485,3656,3558,3487,3240,3565,3485,3332,3013,2901,3653,3619,3625,3462,3111,3365,3164,3338,3284,3084,3404,3267,3197,2810,2986,3338,2891,3197,3246,2994,3215,3209,2770,2583,3375,3379,3368,3292
3095,3336,3016,3321,3010,3171,3204,2741,2995,2665,2984,3326,2954,3138,2972,2893,3137,2287,2731,2537,3376,3353,3338,3178,3401,3616,3498,3597,3397,3516,3656,3435,3516,3467,3479,3649,3564,3479,3218,3563,3478,3332,3013,2901,3653,3619,3625,3462,3106,3362,3154,3348,3286,3088,3406,3274,3197,2802,2984,3336,2882,3200,3244,2981,3217,3209,2770,2583,3375,3379,3368,3292
3100,3336,3027,3326,3001,3160,3208,2737,3011,2665,2984,3326,2954,3138,2972,2893,3137,2286,2738,2538,3376,3357,3334,3184,3398,3629,3496,3589,3394,3513,3658,3442,3513,3467,3479,3649,3564,3479,3218,3563,3478,3328,3004,2906,3650,3619,3621,3464,3105,3365,3163,3349,3286,3083,3407,3270,3193,2802,2984,3336,2882,3200,3244,2981,3217,3213,2754,2583,3378,3374,3373,3292
3100,3336,3027,3326,3001,3160,3208,2737,3011,2693,2983,3324,2959,3130,2970,2902,3135,2286,2732,2534,3377,3339,3332,3186,3402,3629,3496,3589,3394,3513,3658,3442,3513,3460,3478,3652,3568,3481,3230,3542,3479,3326,3013,2912,3647,3618,3627,3461,3100,3365,3163,3349,3286,3083,3407,3270,3193,2809,2983,3341,2889,3198,3244,2996,3216,3215,2766,2585,3374,3383,3366,3298
3100,3336,3029,3318,3007,3169,3203,2737,3016,2692,2979,3324,2954,3139,2974,2895,3129,2287,2737,2542,3377,3339,3332,3186,3402,3628,3493,3600,3393,3518,3654,3424,3519,3462,3483,3649,3566,3472,3237,3562,3486,3327,3016,2904,3653,3618,3627,3461,3100,3362,3165,3353,3284,3086,3405,3270,3195,2811,2984,3337,2886,3198,3247,2997,3211,3214,2769,2581,3378,3383,3366,3298
3089,3334,3028,3323,3006,3168,3199,2741,3000,2691,2980,3322,2949,3139,2974,2895,3129,2287,2737,2542,3377,3346,3337,3178,3405,3622,3495,3600,3392,3510,3653,3437,3514,3466,3478,3644,3558,3472,3237,3562,3486,3327,3016,2904,3653,3625,3624,3449,3107,3362,3165,3349,3285,3089,3403,3275,3195,2801,2984,3328,2890,3198,3247,2997,3211,3214,2769,2581,3378,3382,3368,3291
3095,3338,3020,3323,3016,3168,3199,2741,3000,2691,2980,3322,2949,3133,2969,2887,3136,2285,2737,2525,3374,3341,3341,3186,3406,3624,3495,3598,3398,3510,3653,3437,3514,3466,3478,3644,3558,3482,3230,3564,3484,3319,2992,2906,3653,3623,3628,3458,3110,3358,3158,3347,3285,3089,3403,3275,3195,2801,2984,3328,2890,3202,3244,2992,3214,3206,2771,2585,3377,3371,3365,3292
3095,3338,3020,3323,3016,3164,3200,2736,3012,2691,2984,3318,2963,3139,2968,2897,3133,2278,2737,2539,3374,3357,3338,3180,3406,3624,3495,3598,3398,3521,3658,3435,3520,3466,3483,3651,3562,3481,3234,3569,3480,3325,3008,2912,3652,3618,3622,3463,3110,3358,3158,3347,3285,3088,3406,3264,3192,2810,2982,3338,2889,3196,3245,2996,3218,3211,2772,2583,3376,3381,3369,3292
3095,3337,3030,3318,3013,3175,3206,2737,3011,2688,2988,3323,2959,3138,2972,2895,3136,2278,2737,2539,3374,3357,3338,3180,3403,3625,3494,3594,3406,3520,3654,3438,3519,3462,3478,3641,3566,3483,3232,3568,3482,3325,3008,2912,3652,3618,3622,3463,3107,3359,3166,3350,3285,3079,3401,3273,3192,2798,2983,3337,2877,3199,3239,2952,3213,3211,2772,2583,3376,3381,3369,3292
3092,3341,3028,3323,3013,3164,3198,2744,3007,2688,2988,3323,2959,3138,2972,2895,3136,2283,2737,2536,3373,3352,3334,3186,3404,3622,3498,3595,3393,3514,3661,3437,3524,3462,3478,3641,3566,3483,3232,3568,3482,3324,3015,2905,3652,3621,3628,3462,3109,3366,3161,3350,3282,3088,3408,3270,3193,2798,2983,3337,2877,3199,3239,2952,3213,3207,2764,2582,3381,3384,3373,3298
3094,3341,3028,3323,3013,3164,3198,2744,3007,2685,2986,3315,2949,3138,2958,2898,3135,2281,2735,2530,3376,3353,3325,3178,3405,3622,3498,3595,3393,3514,3661,3437,3524,3459,3480,3639,3567,3482,3236,3560,3482,3328,3014,2909,3651,3629,3622,3445,3111,3366,3161,3350,3282,3088,3408,3270,3193,2811,2982,3340,2887,3200,3245,2991,3211,3206,2767,2585,3378,3383,3374,3284
3094,3338,3025,3326,3009,3176,3201,2739,3014,2692,2989,3333,2957,3140,2972,2901,3137,2287,2735,2535,3374,3353,3325,3178,3405,3623,3493,3598,3399,3516,3658,3432,3521,3467,3481,3653,3564,3488,3231,3561,3480,3331,3012,2908,3647,3629,3622,3445,3111,3367,3166,3344,3288,3092,3409,3270,3198,2811,2980,3337,2890,3196,3250,2993,3213,3214,2765,2579,3376,3383,3374,3284
3091,3336,3015,3323,2998,3165,3201,2737,2998,2690,2988,3269,2952,3140,2972,2901,3137,2287,2735,2535,3374,3354,3334,3188,3403,3623,3492,3594,3395,3515,3652,3443,3520,3465,3479,3647,3564,3488,3231,3561,3480,3331,3012,2908,3647,3614,3617,3459,3112,3364,3163,3352,3283,3089,3403,3269,3194,2808,2982,3336,2888,3196,3250,2993,3213,3214,2765,2579,3376,3382,3370,3294
3088,3336,3027,3327,3012,3165,3201,2737,2998,2690,2988,3269,2952,3128,2968,2902,3124,2271,2731,2538,3377,3354,3331,3189,3402,3624,3495,3575,3396,3515,3652,3443,3520,3465,3479,3647,3564,3488,3232,3564,3473,3324,3014,2909,3644,3622,3626,3455,3108,3367,3165,3343,3280,3089,3403,3269,3194,2808,2982,3336,2888,3198,3228,2999,3214,3208,2771,2580,3380,3382,3372,3296
3088,3336,3027,3327,3012,3176,3197,2740,3014,2691,2989,3328,2948,3136,2971,2901,3134,2272,2734,2534,3374,3353,3344,3183,3402,3624,3495,3575,3396,3519,3658,3437,3523,3465,3476,3652,3568,3485,3238,3570,3483,3324,3012,2909,3650,3620,3624,3464,3108,3367,3165,3343,3280,3086,3410,3267,3192,2808,2979,3338,2890,3199,3248,2994,3218,3214,2763,2581,3380,3382,3374,3292
3095,3324,3030,3316,3012,3179,3200,2742,3011,2694,2985,3331,2950,3137,2966,2898,3132,2272,2734,2534,3374,3353,3344,3183,3398,3624,3493,3588,3394,3519,3657,3444,3519,3454,3476,3650,3565,3472,3236,3564,3470,3324,3012,2909,3650,3620,3624,3464,3112,3364,3163,3344,3289,3085,3404,3275,3195,2797,2984,3329,2884,3198,3242,2993,3212,3214,2763,2581,3380,3382,3374,3292
3094,3335,3033,3327,3014,3176,3196,2735,3020,2694,2985,3331,2950,3137,2966,2898,3132,2280,2735,2537,3378,3318,3341,3174,3405,3618,3468,3593,3397,3510,3658,3442,3523,3454,3476,3650,3565,3472,3236,3564,3470,3324,3014,2904,3650,3622,3620,3464,3114,3362,3165,3344,3286,3085,3410,3271,3195,2797,2984,3329,2884,3198,3242,2993,3212,3195,2768,2581,3376,3386,3364,3290
3102,3335,3033,3327,3014,3176,3196,2735,3020,2692,2988,3329,2943,3131,2976,2900,3135,2284,2734,2536,3372,3357,3341,3169,3405,3618,3468,3593,3397,3510,3658,3442,3523,3461,3480,3654,3575,3479,3235,3572,3477,3323,3011,2904,3662,3624,3628,3462,3111,3362,3165,3344,3286,3085,3410,3271,3195,2806,2982,3332,2888,3193,3241,2995,3219,3208,2769,2576,3377,3381,3371,3292
3102,3331,3030,3319,3014,3174,3205,2734,3011,2687,2987,3328,2948,3133,2968,2897,3137,2293,2734,2538,3374,3357,3341,3169,3405,3622,3498,3597,3396,3517,3654,3439,3510,3470,3483,3653,3560,3481,3240,3560,3475,3323,3014,2912,3648,3624,3628,3462,3111,3368,3164,3350,3284,3086,3389,3263,3195,2809,2978,3336,2891,3194,3248,2998,3211,3213,2770,2582,3378,3381,3371,3292
3088,3336,3023,3310,3017,3176,3198,2730,3017,2674,2990,3322,2943,3133,2968,2897,3137,2293,2734,2538,3374,3357,3344,3189,3404,3616,3491,3591,3393,3515,3658,3434,3523,3457,3484,3648,3563,3481,3240,3560,3475,3323,3014,2912,3648,3623,3622,3461,3109,3363,3166,3346,3288,3081,3405,3272,3194,2807,2986,3339,2891,3194,3248,2998,3211,3213,2770,2582,3378,3384,3371,3292
3092,3337,3025,3327,3015,3176,3198,2730,3017,2674,2990,3322,2943,3132,2962,2815,3141,2294,2729,2530,3383,3352,3338,3186,3401,3617,3491,3596,3398,3515,3658,3434,3523,3457,3484,3648,3563,3476,3237,3563,3480,3332,3011,2913,3649,3622,3628,3461,3107,3363,3163,3350,3283,3081,3405,3272,3194,2807,2986,3339,2891,3201,3247,2997,3219,3213,2772,2580,3377,3382,3364,3288
3092,3337,3025,3327,3015,3174,3199,2729,3011,2692,2985,3326,2956,3136,2971,2899,3137,2290,2726,2540,3374,3355,3346,3184,3401,3617,3491,3596,3398,3509,3645,3434,3523,3464,3481,3649,3565,3477,3239,3566,3478,3326,3014,2906,3651,3620,3624,3462,3107,3363,3163,3350,3283,3086,3406,3273,3197,2812,2983,3339,2892,3196,3247,2989,3217,3208,2766,2582,3381,3375,3367,3294
3088,3337,3014,3317,3007,3172,3209,2739,3005,2676,2989,3327,2959,3138,2963,2906,3134,2290,2726,2540,3374,3355,3346,3184,3403,3627,3498,3597,3397,3510,3649,3436,3515,3464,3476,3645,3560,3486,3239,3571,3483,3326,3014,2906,3651,3620,3624,3462,3111,3368,3160,3347,3283,3084,3409,3272,3184,2807,2986,3337,2891,3195,3240,2991,3217,3208,2766,2582,3381,3375,3367,3294
3100,3334,3018,3321,3015,3170,3185,2732,3011,2676,2989,3327,2959,3138,2963,2906,3134,2286,2738,2529,3370,3360,3335,3187,3396,3625,3496,3595,3392,3516,3645,3432,3517,3464,3476,3645,3560,3486,3239,3571,3483,3320,3014,2909,3650,3620,3623,3457,3107,3366,3162,3353,3282,3086,3398,3270,3196,2807,2986,3337,2891,3195,3240,2991,3217,3213,2766,2581,3378,3383,3374,3290
3092,3334,3018,3321,3015,3170,3185,2732,3011,2695,2984,3329,2945,3129,2971,2898,3133,2293,2739,2533,3375,3351,3342,3182,3384,3625,3496,3595,3392,3516,3645,3432,3517,3470,3484,3651,3563,3478,3247,3566,3485,3327,3015,2910,3654,3619,3630,3461,3107,3366,3162,3353,3282,3086,3398,3270,3196,2811,2980,3339,2885,3192,3246,2998,3207,3213,2771,2582,3374,3383,3368,3295
3092,3339,3020,3324,3016,3172,3201,2737,3012,2693,2985,3325,2960,3127,2969,2898,3135,2275,2735,2529,3376,3351,3342,3182,3384,3621,3493,3594,3396,3515,3656,3434,3518,3468,3476,3649,3565,3485,3241,3568,3484,3316,3011,2909,3656,3619,3630,3461,3107,3363,3161,3352,3282,3082,3408,3265,3195,2811,2980,3340,2880,3190,3245,2992,3217,3209,2770,2581,3376,3383,3368,3295
3100,3321,3024,3325,2993,3167,3206,2729,3008,2695,2984,3327,2955,3127,2969,2898,3135,2275,2735,2529,3376,3356,3342,3185,3402,3622,3494,3587,3393,3510,3664,3431,3525,3461,3479,3650,3559,3485,3241,3568,3484,3316,3011,2909,3656,3621,3624,3453,3109,3365,3158,3347,3286,3083,3402,3270,3196,2808,2984,3336,2892,3190,3245,2992,3217,3209,2770,2581,3376,3388,3373,3291
3096,3335,3027,3320,3015,3167,3206,2729,3008,2695,2984,3327,2955,3138,2959,2893,3137,2291,2739,2536,3364,3358,3342,3186,3401,3625,3496,3600,3401,3510,3664,3431,3525,3461,3479,3650,3559,3482,3245,3565,3483,3313,3014,2907,3654,3625,3628,3456,3110,3364,3165,3348,3288,3083,3402,3270,3196,2808,2984,3336,2892,3190,3249,2993,3213,3210,2767,2575,3375,3378,3375,3291
3096,3335,3027,3320,3015,3167,3201,2738,2996,2686,2989,3327,2956,3137,2970,2902,3136,2285,2727,2520,3373,3353,3343,3188,3401,3625,3496,3600,3401,3516,3655,3439,3519,3468,3482,3648,3564,3482,3244,3566,3467,3319,3016,2910,3646,3621,3619,3462,3110,3364,3165,3348,3288,3082,3404,3274,3194,2808,2982,3337,2882,3197,3246,2996,3219,3213,2764,2580,3376,3381,3362,3295
3094,3335,3027,3312,3002,3161,3203,2735,3017,2686,2990,3329,2953,3135,2970,2890,3138,2285,2727,2520,3373,3353,3343,3188,3404,3627,3489,3593,3395,3510,3654,3430,3517,3467,3477,3652,3563,3482,3237,3563,3477,3319,3016,2910,3646,3621,3619,3462,3104,3363,3162,3348,3274,3081,3400,3269,3192,2812,2984,3336,2887,3196,3242,2992,3217,3213,2764,2580,3376,3381,3362,3295
3093,3333,3024,3323,3014,3176,3201,2715,3005,2686,2990,3329,2953,3135,2970,2890,3138,2288,2736,2537,3371,3353,3349,3180,3402,3623,3494,3593,3392,3515,3655,3430,3517,3467,3477,3652,3563,3482,3237,3563,3477,3309,3011,2910,3652,3616,3626,3455,3113,3364,3159,3353,3284,3086,3405,3259,3196,2812,2984,3336,2887,3196,3242,2992,3217,3209,2769,2582,3378,3385,3375,3289
3098,3333,3024,3323,3014,3176,3201,2715,3005,2685,2990,3324,2957,3124,2961,2896,3139,2286,2734,2538,3369,3355,3344,3189,3412,3623,3494,3593,3392,3515,3655,3430,3517,3470,3479,3652,3561,3482,3251,3566,3480,3316,3010,2910,3652,3609,3622,3468,3112,3364,3159,3353,3284,3086,3405,3259,3196,2809,2978,3333,2890,3188,3243,2992,3207,3213,2771,2581,3376,3381,3368,3297
3098,3334,3031,3326,3007,3175,3205,2738,3010,2675,2979,3334,2955,3135,2960,2891,3129,2290,2730,2542,3373,3355,3344,3189,3412,3629,3494,3590,3393,3519,3658,3433,3517,3462,3478,3652,3562,3480,3252,3565,3482,3318,3011,2894,3646,3609,3622,3468,3112,3357,3164,3347,3283,3089,3408,3266,3196,2804,2984,3333,2888,3198,3249,2993,3216,3209,2770,2584,3377,3381,3368,3297
3099,3335,3009,3317,3013,3170,3201,2740,3007,2679,2978,3328,2958,3135,2960,2891,3129,2290,2730,2542,3373,3350,3339,3174,3409,3621,3496,3594,3391,3520,3657,3428,3524,3470,3478,3650,3562,3480,3252,3565,3482,3318,3011,2894,3646,3623,3620,3466,3103,3366,3158,3346,3287,3088,3402,3268,3190,2812,2983,3337,2890,3198,3249,2993,3216,3209,2770,2584,3377,3384,3366,3292
3100,3337,3027,3327,3008,3170,3201,2740,3007,2679,2978,3328,2958,3140,2970,2896,3125,2292,2738,2539,3375,3349,3351,3186,3405,3624,3492,3588,3399,3520,3657,3428,3524,3470,3478,3650,3562,3480,3258,3558,3483,3313,3012,2908,3647,3624,3625,3466,3113,3364,3164,3351,3285,3088,3402,3268,3190,2812,2983,3337,2890,3198,3246,2994,3217,3207,2768,2583,3380,3377,3371,3294
3100,3337,3027,3327,3008,3175,3202,2744,2996,2690,2984,3328,2957,3131,2970,2897,3134,2283,2736,2539,3377,3350,3343,3183,3405,3624,3492,3588,3399,3518,3659,3426,3513,3464,3475,3651,3563,3487,3251,3571,3477,3305,3017,2908,3644,3622,3624,3465,3113,3364,3164,3351,3285,3084,3399,3270,3194,2802,2981,3337,2885,3197,3248,2986,3209,3213,2772,2573,3376,3378,3360,3292
3097,3339,3029,3327,3008,3162,3201,2738,3015,2693,2980,3319,2953,3137,2970,2897,3128,2283,2736,2539,3377,3350,3343,3183,3403,3621,3498,3600,3398,3518,3654,3422,3520,3466,3478,3656,3563,3480,3264,3558,3485,3305,3017,2908,3644,3622,3624,3465,3110,3356,3163,3344,3288,3087,3408,3268,3195,2813,2983,3336,2890,3200,3243,2993,3214,3213,2772,2573,3376,3378,3360,3292
3099,3336,3024,3307,3017,3182,3207,2736,2991,2693,2980,3319,2953,3137,2970,2897,3128,2290,2731,2537,3373,3345,3337,3189,3402,3629,3495,3599,3388,3523,3656,3426,3522,3466,3478,3656,3563,3480,3264,3558,3485,3300,3010,2905,3650,3626,3625,3460,3099,3361,3166,3350,3278,3085,3401,3263,3194,2813,2983,3336,2890,3200,3243,2993,3214,3213,2768,2584,3373,3385,3373,3293
3104,3336,3024,3307,3017,3182,3207,2736,2991,2689,2984,3329,2956,3140,2959,2905,3134,2282,2737,2540,3377,3352,3340,3188,3409,3629,3495,3599,3388,3523,3656,3426,3522,3470,3475,3648,3565,3478,3265,3561,3478,3314,3010,2902,3655,3631,3625,3464,3112,3361,3166,3350,3278,3085,3401,3263,3194,2808,2979,3340,2889,3187,3247,2997,3211,3210,2768,2581,3381,3385,3371,3295
3104,3340,3029,3325,3012,3162,3207,2724,3015,2694,2984,3321,2964,3138,2969,2898,3125,2283,2737,2527,3373,3352,3340,3188,3409,3625,3503,3602,3393,3517,3650,3428,3517,3470,3477,3646,3555,3485,3260,3564,3478,3307,2996,2907,3649,3631,3625,3464,3112,3364,3163,3348,3285,3085,3406,3268,3194,2812,2982,3340,2892,3194,3248,2993,3212,3210,2760,2582,3374,3385,3371,3295
3098,3339,3029,3311,3011,3169,3204,2738,3017,2685,2977,3324,2951,3138,2969,2898,3125,2283,2737,2527,3373,3354,3339,3184,3405,3617,3499,3599,3386,3521,3655,3420,3517,3466,3477,3643,3550,3485,3260,3564,3478,3307,2996,2907,3649,3626,3630,3472,3113,3368,3160,3346,3281,3090,3404,3269,3197,2806,2985,3335,2890,3194,3248,2993,3212,3210,2760,2582,3374,3384,3373,3294
3092,3333,3026,3324,3014,3169,3204,2738,3017,2685,2977,3324,2951,3134,2971,2903,3126,2282,2738,2539,3375,3358,3336,3184,3402,3626,3504,3597,3395,3521,3655,3420,3517,3466,3477,3643,3550,3480,3263,3560,3481,3302,3008,2909,3654,3624,3627,3470,3112,3363,3162,3350,3285,3090,3404,3269,3197,2806,2985,3335,2890,3193,3244,2991,3215,3212,2768,2585,3357,3381,3372,3296
3092,3333,3026,3324,3014,3155,3205,2712,3013,2660,2982,3317,2953,3129,2974,2897,3135,2295,2735,2540,3376,3357,3338,3190,3402,3626,3504,3597,3395,3520,3657,3432,3518,3472,3475,3633,3556,3483,3269,3560,3477,3296,3009,2907,3654,3614,3625,3467,3112,3363,3162,3350,3285,3084,3405,3274,3195,2805,2981,3342,2887,3195,3242,2994,3213,3212,2770,2578,3376,3377,3370,3296
3108,3340,3027,3324,3017,3162,3191,2738,3014,2691,2984,3323,2962,3139,2970,2895,3132,2295,2735,2540,3376,3357,3338,3190,3411,3626,3497,3599,3401,3522,3660,3425,3516,3463,3472,3647,3561,3482,3269,3555,3478,3296,3009,2907,3654,3614,3625,3467,3106,3363,3163,3348,3282,3080,3405,3273,3195,2808,2980,3341,2889,3196,3243,2994,3214,3212,2770,2578,3376,3377,3370,3296
3097,3338,3023,3322,2999,3167,3203,2740,3010,2691,2984,3323,2962,3139,2970,2895,3132,2283,2733,2534,3372,3356,3333,3180,3409,3631,3499,3598,3400,3521,3658,3422,3520,3463,3472,3647,3561,3482,3269,3555,3478,3300,3006,2906,3651,3617,3631,3470,3109,3361,3165,3349,3277,3085,3398,3265,3192,2808,2980,3341,2889,3196,3243,2994,3214,3208,2770,2581,3376,3380,3372,3295
3094,3338,3023,3322,2999,3167,3203,2740,3010,2689,2990,3322,2953,3133,2968,2896,3135,2286,2738,2535,3378,3351,3340,3184,3405,3631,3499,3598,3400,3521,3658,3422,3520,3465,3477,3653,3563,3484,3277,3554,3470,3293,3010,2907,3651,3625,3618,3472,3111,3361,3165,3349,3277,3085,3398,3265,3192,2806,2978,3338,2881,3170,3244,2996,3209,3209,2773,2583,3376,3382,3370,3289
3094,3341,3018,3326,3012,3173,3196,2741,3000,2687,2981,3329,2952,3123,2971,2904,3126,2283,2734,2526,3372,3351,3340,3184,3405,3624,3505,3603,3397,3524,3657,3422,3523,3469,3467,3646,3554,3481,3269,3550,3475,3303,3011,2909,3651,3625,3618,3472,3111,3362,3158,3351,3282,3090,3402,3269,3188,2808,2981,3340,2890,3198,3242,2990,3214,3213,2768,2583,3378,3382,3370,3289
3094,3336,3022,3325,3012,3176,3199,2737,3015,2692,2927,3327,2955,3123,2971,2904,3126,2283,2734,2526,3372,3356,3345,3172,3406,3629,3502,3601,3399,3529,3656,3395,3518,3458,3474,3648,3559,3481,3269,3550,3475,3303,3011,2909,3651,3617,3627,3469,3112,3356,3162,3347,3284,3088,3402,3273,3194,2810,2983,3336,2884,3198,3242,2990,3214,3213,2768,2583,3378,3371,3369,3292
3095,3330,3022,3323,3014,3176,3199,2737,3015,2692,2927,3327,2955,3139,2968,2902,3139,2281,2738,2538,3374,3357,3341,3178,3403,3624,3508,3594,3403,3529,3656,3395,3518,3458,3474,3648,3559,3481,3274,3552,3477,3297,3012,2900,3652,3629,3607,3469,3104,3367,3160,3349,3284,3088,3402,3273,3194,2810,2983,3336,2884,3196,3235,2993,3217,3207,2770,2580,3377,3382,3372,3292
3095,3330,3022,3323,3014,3154,3200,2737,2990,2693,2980,3318,2947,3133,2957,2898,3131,2282,2729,2527,3378,3353,3348,3184,3403,3624,3508,3594,3403,3523,3660,3427,3523,3462,3476,3651,3554,3477,3282,3556,3477,3298,3008,2902,3651,3628,3627,3470,3104,3367,3160,3349,3284,3086,3405,3272,3197,2809,2984,3332,2885,3200,3249,2998,3214,3210,2768,2581,3378,3381,3373,3290
3087,3333,3024,3323,3016,3165,3197,2737,3014,2689,2987,3316,2951,3138,2969,2903,3136,2282,2729,2527,3378,3353,3348,3184,3402,3622,3499,3602,3397,3526,3656,3417,3515,3473,3472,3648,3557,3481,3278,3550,3473,3298,3008,2902,3651,3628,3627,3470,3110,3365,3162,3347,3289,3088,3402,3268,3194,2806,2982,3336,2888,3195,3249,2993,3209,3210,2768,2581,3378,3381,3373,3290
3101,3327,3027,3315,3015,3161,3203,2737,3012,2689,2987,3316,2951,3138,2969,2903,3136,2283,2730,2538,3374,3354,3328,3178,3404,3617,3500,3590,3399,3523,3661,3428,3513,3473,3472,3648,3557,3481,3278,3550,3473,3295,3006,2908,3651,3619,3627,3469,3109,3353,3166,3346,3283,3087,3402,3257,3197,2806,2982,3336,2888,3195,3249,2993,3209,3207,2767,2584,3380,3384,3366,3287
3092,3327,3027,3315,3015,3161,3203,2737,3012,2683,2987,3332,2949,3140,2968,2899,3133,2281,2733,2540,3375,3356,3342,3184,3405,3617,3500,3590,3399,3523,3661,3428,3513,3467,3471,3654,3556,3483,3282,3564,3480,3294,3012,2911,3648,3622,3627,3467,3110,3353,3166,3346,3283,3087,3402,3257,3197,2801,2978,3341,2888,3193,3250,2994,3217,3209,2771,2583,3376,3380,3374,3290
3092,3330,3029,3325,3015,3172,3199,2733,2974,2691,2989,3307,2951,3136,2949,2896,3137,2274,2730,2540,3374,3356,3342,3184,3405,3616,3498,3598,3398,3526,3652,3411,3519,3470,3472,3643,3561,3484,3276,3562,3484,3295,3012,2906,3649,3622,3627,3467,3110,3364,3167,3352,3285,3080,3406,3273,3193,2809,2982,3337,2886,3197,3246,2993,3212,3214,2772,2582,3373,3380,3374,3290
3090,3332,3025,3323,3012,3174,3202,2736,3011,2690,2984,3324,2957,3136,2949,2896,3137,2274,2730,2540,3374,3353,3345,3184,3397,3628,3494,3597,3399,3521,3657,3420,3520,3472,3471,3646,3563,3484,3276,3562,3484,3295,3012,2906,3649,3627,3628,3470,3108,3368,3161,3352,3281,3080,3401,3267,3189,2809,2984,3331,2889,3197,3246,2993,3212,3214,2772,2582,3373,3385,3368,3294
3096,3333,3021,3313,3014,3174,3202,2736,3011,2690,2984,3324,2957,3134,2971,2902,3137,2292,2727,2536,3378,3354,3350,3188,3400,3629,3497,3597,3400,3521,3657,3420,3520,3472,3471,3646,3563,3486,3285,3558,3485,3294,3016,2907,3654,3633,3625,3468,3112,3361,3162,3337,3284,3080,3401,3267,3189,2809,2984,3331,2889,3199,3238,2995,3219,3212,2771,2583,3379,3381,3374,3292
3096,3333,3021,3313,3014,3173,3187,2734,3012,2663,2986,3332,2950,3129,2970,2889,3133,2294,2738,2529,3373,3359,3344,3185,3400,3629,3497,3597,3400,3519,3642,3430,3524,3470,3474,3648,3552,3485,3285,3564,3471,3301,3009,2908,3650,3621,3625,3470,3112,3361,3162,3337,3284,3083,3408,3273,3197,2807,2985,3338,2888,3196,3241,2998,3215,3210,2771,2584,3369,3382,3363,3299
3100,3325,3024,3323,3015,3175,3192,2738,3012,2691,2983,3328,2952,3137,2972,2901,3135,2294,2738,2529,3373,3359,3344,3185,3404,3621,3496,3597,3394,3514,3655,3425,3519,3474,3452,3639,3560,3480,3284,3560,3478,3301,3009,2908,3650,3621,3625,3470,3112,3370,3158,3345,3287,3082,3409,3272,3195,2807,2986,3334,2889,3187,3246,2994,3215,3210,2771,2584,3369,3382,3363,3299
3101,3321,3024,3324,2999,3164,3184,2734,3003,2691,2983,3328,2952,3137,2972,2901,3135,2289,2734,2534,3375,3353,3343,3170,3403,3620,3501,3597,3400,3514,3655,3429,3522,3474,3452,3639,3560,3480,3284,3560,3478,3303,3014,2906,3656,3628,3632,3471,3106,3366,3166,3349,3288,3085,3399,3273,3200,2807,2986,3334,2889,3187,3246,2994,3215,3210,2770,2575,3378,3383,3369,3287
3098,3321,3024,3324,2999,3164,3184,2734,3003,2710,2988,3329,2963,3139,2964,2894,3139,2292,2740,2538,3366,3362,3338,3188,3406,3620,3501,3597,3400,3514,3655,3429,3522,3445,3469,3649,3558,3485,3286,3553,3477,3296,3008,2907,3651,3627,3627,3460,3109,3366,3166,3349,3288,3085,3399,3273,3200,2808,2986,3337,2888,3197,3244,2999,3216,3206,2769,2577,3375,3383,3370,3278
3098,3327,3022,3324,3013,3170,3206,2736,3007,2692,2987,3326,2942,3128,2966,2907,3136,2300,2729,2536,3377,3362,3338,3188,3406,3625,3499,3592,3403,3519,3653,3426,3519,3466,3470,3649,3552,3484,3282,3553,3484,3292,3012,2907,3650,3627,3627,3460,3109,3368,3162,3345,3279,3088,3408,3272,3186,2808,2980,3338,2890,3197,3236,2991,3212,3213,2771,2582,3382,3383,3370,3278
3094,3338,3024,3322,3019,3171,3204,2731,3013,2694,2991,3332,2956,3128,2966,2907,3136,2300,2729,2536,3377,3358,3340,3187,3402,3624,3497,3599,3396,3517,3655,3428,3512,3468,3469,3647,3555,3484,3282,3553,3484,3292,3012,2907,3650,3625,3626,3473,3110,3366,3159,3350,3284,3083,3406,3273,3185,2810,2981,3336,2888,3197,3236,2991,3212,3213,2771,2582,3382,3379,3375,3290
3098,3340,3025,3322,3009,3171,3204,2731,3013,2694,2991,3332,2956,3140,2966,2903,3136,2286,2738,2537,3372,3358,3345,3178,3402,3624,3497,3599,3400,3517,3655,3428,3512,3468,3469,3647,3555,3482,3286,3556,3475,3289,3007,2907,3658,3625,3624,3472,3107,3365,3165,3352,3285,3083,3406,3273,3185,2810,2981,3336,2888,3201,3246,2995,3217,3214,2771,2581,3380,3379,3370,3288
3098,3340,3025,3322,3009,3175,3205,2723,3008,2693,2986,3327,2956,3129,2964,2897,3127,2288,2739,2539,3367,3348,3348,3187,3402,3624,3497,3599,3400,3519,3656,3422,3519,3469,3474,3649,3558,3483,3277,3547,3476,3286,3012,2907,3655,3608,3625,3472,3107,3365,3165,3352,3285,3088,3403,3273,3195,2808,2982,3326,2891,3195,3247,2994,3214,3202,2772,2579,3379,3382,3372,3287
3100,3340,3022,3323,3015,3175,3203,2741,3015,2692,2993,3326,2953,3128,2972,2896,3136,2288,2739,2539,3367,3348,3348,3187,3400,3633,3493,3587,3397,3520,3661,3410,3519,3469,3480,3650,3557,3476,3286,3562,3472,3286,3012,2907,3655,3608,3625,3472,3113,3364,3166,3348,3284,3086,3406,3273,3197,2810,2981,3339,2890,3200,3249,2997,3209,3202,2772,2579,3379,3382,3372,3287
3102,3339,3028,3321,3013,3173,3202,2738,3013,2692,2993,3326,2953,3128,2972,2896,3136,2295,2734,2538,3373,3358,3344,3185,3401,3625,3495,3602,3400,3519,3655,3418,3523,3469,3480,3650,3557,3476,3286,3562,3472,3285,3007,2909,3652,3622,3628,3472,3110,3366,3150,3337,3286,3090,3405,3270,3195,2810,2981,3339,2890,3200,3249,2997,3209,3208,2771,2584,3374,3382,3370,3286
3093,3339,3028,3321,3013,3173,3202,2738,3013,2680,2983,3325,2954,3136,2972,2888,3133,2287,2738,2537,3378,3349,3349,3186,3405,3625,3495,3602,3400,3519,3655,3418,3523,3467,3478,3650,3558,3482,3287,3557,3472,3286,3007,2907,3642,3626,3629,3472,3112,3366,3150,3337,3286,3090,3405,3270,3195,2810,2985,3336,2886,3199,3246,2993,3214,3209,2767,2582,3376,3382,3374,3288
3093,3337,3020,3326,3014,3176,3205,2738,3009,2692,2988,3331,2956,3126,2964,2894,3136,2297,2734,2520,3367,3349,3349,3186,3405,3618,3497,3601,3396,3522,3647,3420,3522,3469,3476,3649,3555,3489,3287,3559,3477,3286,3012,2901,3647,3626,3629,3472,3112,3355,3161,3350,3286,3078,3407,3273,3186,2802,2985,3324,2885,3195,3236,2996,3217,3214,2770,2584,3377,3382,3374,3288
3105,3334,3028,3317,3008,3184,3204,2740,3004,2681,2982,3327,2951,3126,2964,2894,3136,2297,2734,2520,3367,3352,3346,3185,3388,3615,3500,3594,3395,3524,3656,3424,3522,3464,3478,3654,3560,3489,3287,3559,3477,3286,3012,2901,3647,3619,3627,3472,3108,3362,3159,3353,3284,3081,3408,3261,3193,2808,2981,3335,2889,3195,3236,2996,3217,3214,2770,2584,3377,3388,3368,3296
3094,3338,3033,3323,3010,3184,3204,2740,3004,2681,2982,3327,2951,3139,2963,2893,3132,2282,2728,2540,3377,3355,3344,3176,3406,3620,3498,3598,3395,3524,3656,3424,3522,3464,3478,3654,3560,3482,3287,3560,3476,3287,3010,2900,3647,3621,3630,3471,3109,3367,3161,3349,3285,3081,3408,3261,3193,2808,2981,3335,2889,3195,3244,2996,3217,3213,2768,2581,3379,3385,3364,3297
3094,3338,3033,3323,3010,3178,3207,2742,2995,2689,2986,3327,2955,3143,2959,2888,3138,2294,2738,2539,3375,3344,3333,3188,3406,3620,3498,3598,3395,3524,3653,3419,3517,3469,3475,3651,3560,3476,3288,3564,3475,3294,3006,2899,3659,3626,3626,3464,3109,3367,3161,3349,3285,3087,3408,3269,3194,2803,2979,3336,2885,3196,3244,2993,3212,3207,2769,2581,3377,3378,3370,3289
3097,3345,3030,3317,3018,3176,3208,2727,3018,2692,2987,3327,2956,3140,2955,2897,3135,2294,2738,2539,3375,3344,3333,3188,3404,3624,3501,3599,3394,3520,3662,3421,3523,3468,3476,3647,3560,3485,3286,3555,3476,3294,3006,2899,3659,3626,3626,3464,3107,3366,3157,3345,3286,3083,3406,3263,3193,2808,2984,3341,2889,3194,3246,2996,3217,3207,2769,2581,3377,3378,3370,3289
3099,3341,3024,3326,3006,3175,3206,2731,3013,2692,2987,3327,2956,3140,2955,2897,3135,2288,2740,2541,3374,3359,3349,3193,3412,3620,3503,3597,3394,3519,3661,3417,3519,3468,3476,3647,3560,3485,3286,3555,3476,3285,3002,2903,3654,3628,3626,3474,3112,3358,3162,3346,3290,3085,3406,3265,3200,2808,2984,3341,2889,3194,3246,2996,3217,3208,2769,2583,3372,3386,3366,3285
3097,3341,3024,3326,3006,3175,3206,2731,3013,2693,2979,3336,2958,3136,2967,2895,3132,2291,2731,2535,3377,3352,3339,3182,3408,3620,3503,3597,3394,3519,3661,3417,3519,3474,3483,3653,3554,3481,3285,3557,3481,3284,3000,2908,3652,3625,3628,3474,3112,3358,3162,3346,3290,3085,3406,3265,3200,2808,2983,3334,2890,3198,3246,2992,3212,3213,2765,2582,3379,3384,3370,3294
3097,3337,3025,3321,3014,3174,3204,2737,3013,2670,2985,3323,2963,3140,2973,2893,3136,2279,2738,2541,3370,3352,3339,3182,3408,3624,3503,3604,3392,3524,3657,3423,3519,3466,3474,3648,3549,3482,3287,3553,3479,3267,3006,2905,3652,3625,3628,3474,3112,3361,3155,3350,3286,3082,3410,3274,3185,2810,2980,3324,2891,3201,3227,2996,3217,3209,2772,2583,3380,3384,3370,3294
3104,3342,3025,3327,3004,3161,3212,2743,3013,2693,2982,3329,2961,3140,2973,2893,3136,2279,2738,2541,3370,3361,3340,3190,3408,3630,3497,3591,3396,3527,3647,3416,3517,3473,3474,3648,3556,3482,3287,3553,3479,3267,3006,2905,3652,3616,3628,3469,3112,3367,3159,3347,3282,3087,3405,3268,3194,2811,2975,3342,2890,3201,3227,2996,3217,3209,2772,2583,3380,3379,3371,3288
3099,3338,3029,3326,3006,3161,3212,2743,3013,2693,2982,3329,2961,3133,2974,2900,3131,2291,2734,2537,3378,3342,3338,3186,3409,3628,3501,3598,3401,3527,3647,3416,3517,3473,3474,3648,3556,3483,3294,3552,3475,3279,3010,2904,3653,3626,3627,3470,3112,3368,3162,3347,3282,3087,3405,3268,3194,2811,2975,3342,2890,3201,3244,2995,3207,3208,2772,2581,3381,3386,3355,3299
3099,3338,3029,3326,3006,3164,3206,2742,3013,2695,2980,3326,2957,3139,2970,2900,3128,2282,2738,2538,3376,3346,3335,3185,3409,3628,3501,3598,3401,3520,3658,3418,3519,3470,3468,3659,3557,3487,3289,3551,3446,3284,3008,2904,3651,3622,3634,3465,3112,3368,3162,3347,3282,3085,3410,3269,3195,2810,2981,3340,2883,3199,3244,2998,3213,3210,2765,2583,3381,3379,3368,3296
3090,3345,3031,3329,3007,3171,3200,2737,3000,2692,2988,3322,2950,3137,2971,2912,3143,2282,2738,2538,3376,3346,3335,3185,3409,3626,3501,3604,3396,3526,3654,3413,3515,3468,3478,3647,3554,3486,3276,3552,3479,3284,3008,2904,3651,3622,3634,3465,3113,3365,3164,3346,3280,3086,3406,3273,3196,2812,2980,3341,2890,3199,3246,2994,3216,3210,2765,2583,3381,3379,3368,3296
3088,3335,3022,3326,3016,3165,3196,2738,3011,2692,2988,3322,2950,3137,2971,2912,3143,2277,2737,2527,3374,3340,3344,3185,3414,3622,3500,3604,3399,3525,3656,3420,3518,3468,3478,3647,3554,3486,3276,3552,3479,3278,3010,2905,3657,3626,3626,3473,3111,3367,3152,3348,3288,3087,3407,3275,3196,2812,2980,3341,2890,3199,3246,2994,3216,3202,2770,2582,3374,3387,3368,3286
3098,3335,3022,3326,3016,3165,3196,2738,3011,2695,2987,3315,2960,3139,2972,2897,3129,2282,2744,2540,3376,3356,3341,3182,3407,3622,3500,3604,3399,3525,3656,3420,3518,3460,3478,3654,3554,3483,3293,3548,3477,3279,3007,2904,3648,3620,3631,3473,3110,3367,3152,3348,3288,3087,3407,3275,3196,2810,2979,3334,2889,3196,3244,2992,3214,3206,2768,2584,3376,3379,3368,3291
3098,3339,3027,3318,3017,3177,3201,2735,3014,2698,2980,3328,2958,3138,2973,2896,3126,2287,2737,2540,3377,3356,3341,3182,3407,3630,3504,3591,3395,3529,3654,3422,3518,3472,3478,3651,3558,3477,3289,3551,3475,3281,3010,2898,3649,3620,3631,3473,3110,3365,3159,3345,3278,3081,3408,3266,3188,2813,2977,3327,2892,3199,3233,2997,3207,3213,2768,2583,3376,3379,3368,3291
3092,3335,3029,3329,3014,3171,3195,2746,3010,2690,2989,3317,2950,3138,2973,2896,3126,2287,2737,2540,3377,3358,3343,3180,3409,3625,3508,3605,3393,3523,3657,3416,3516,3466,3481,3651,3555,3477,3289,3551,3475,3281,3010,2898,3649,3628,3624,3470,3104,3365,3161,3347,3286,3088,3404,3274,3196,2810,2984,3339,2892,3199,3233,2997,3207,3213,2768,2583,3376,3379,3373,3296
3094,3340,3026,3328,3007,3171,3195,2746,3010,2690,2989,3317,2950,3140,2961,2899,3138,2284,2731,2534,3376,3352,3324,3182,3419,3633,3502,3600,3394,3523,3657,3416,3516,3466,3481,3651,3555,3483,3282,3544,3477,3277,2984,2904,3655,3616,3626,3479,3114,3363,3159,3348,3282,3088,3404,3274,3196,2810,2984,3339,2892,3194,3250,2994,3213,3209,2768,2575,3380,3383,3372,3293
3094,3340,3026,3328,3007,3177,3200,2742,3013,2693,2990,3320,2958,3141,2971,2903,3133,2287,2738,2539,3372,3355,3345,3187,3419,3633,3502,3600,3394,3524,3659,3419,3510,3466,3481,3654,3554,3486,3290,3552,3480,3275,3004,2902,3654,3628,3631,3470,3114,3363,3159,3348,3282,3082,3402,3274,3194,2802,2984,3338,2886,3197,3243,2993,3214,3215,2765,2583,3380,3380,3367,3297
3095,3330,3037,3323,3012,3174,3194,2741,3017,2679,2986,3328,2948,3131,2965,2900,3136,2287,2738,2539,3372,3355,3345,3187,3413,3613,3507,3605,3393,3525,3655,3407,3513,3460,3482,3652,3557,3471,3289,3556,3476,3275,3004,2902,3654,3628,3631,3470,3107,3368,3159,3351,3282,3088,3405,3265,3195,2812,2977,3335,2890,3198,3247,2991,3216,3215,2765,2583,3380,3380,3367,3297
3091,3337,3029,3326,3016,3173,3194,2741,3014,2679,2986,3328,2948,3131,2965,2900,3136,2280,2732,2536,3373,3357,3329,3185,3414,3634,3509,3604,3393,3524,3658,3413,3515,3460,3482,3652,3557,3471,3289,3556,3476,3268,3008,2900,3654,3628,3632,3471,3108,3364,3165,3352,3284,3084,3402,3265,3195,2812,2977,3335,2890,3198,3247,2991,3216,3210,2769,2581,3381,3389,3361,3291
3098,3337,3029,3326,3016,3173,3194,2741,3014,2693,2986,3325,2951,3134,2971,2901,3137,2279,2734,2537,3376,3354,3345,3186,3409,3634,3509,3604,3393,3524,3658,3413,3515,3464,3480,3658,3557,3488,3290,3552,3474,3271,3009,2899,3655,3627,3631,3471,3111,3364,3165,3352,3284,3084,3402,3265,3195,2810,2981,3334,2890,3199,3243,2995,3217,3207,2772,2580,3372,3385,3374,3294
3098,3327,3026,3313,3019,3170,3200,2740,3014,2695,2986,3334,2953,3139,2968,2902,3136,2281,2732,2537,3375,3354,3345,3186,3409,3636,3506,3602,3391,3525,3650,3419,3516,3470,3476,3655,3556,3476,3292,3551,3470,3271,3006,2898,3652,3627,3631,3471,3111,3363,3163,3348,3281,3079,3408,3260,3194,2811,2983,3327,2889,3189,3247,2996,3212,3206,2769,2584,3378,3385,3374,3294
3103,3324,3026,3323,3015,3176,3204,2731,3019,2688,2982,3328,2951,3139,2968,2902,3136,2281,2732,2537,3375,3356,3343,3190,3411,3626,3502,3604,3397,3517,3656,3410,3518,3468,3486,3644,3554,3476,3292,3551,3470,3271,3006,2898,3652,3632,3621,3470,3108,3368,3160,3346,3285,3085,3405,3271,3197,2815,2982,3338,2888,3189,3247,2996,3212,3206,2769,2584,3378,3381,3370,3294
3102,3330,3031,3325,3017,3176,3204,2731,3019,2688,2982,3328,2951,3130,2973,2903,3135,2292,2737,2538,3378,3356,3340,3170,3416,3633,3500,3602,3391,3517,3656,3410,3518,3468,3486,3644,3554,3481,3296,3554,3477,3276,3004,2900,3659,3625,3629,3481,3112,3360,3156,3350,3285,3085,3405,3271,3197,2815,2982,3338,2888,3198,3244,2987,3213,3210,2771,2585,3375,3384,3374,3295
3102,3330,3031,3325,3017,3175,3204,2731,3014,2694,2989,3326,2955,3136,2970,2901,3138,2284,2732,2541,3379,3355,3341,3191,3416,3633,3500,3602,3391,3519,3654,3414,3516,3465,3477,3648,3554,3490,3290,3544,3476,3276,3002,2904,3654,3627,3629,3473,3112,3360,3156,3350,3285,3083,3409,3267,3191,2802,2981,3340,2888,3200,3244,2991,3216,3211,2764,2583,3376,3382,3368,3291
3101,3337,3028,3285,3015,3175,3186,2736,3012,2672,2989,3328,2955,3134,2962,2895,3138,2284,2732,2541,3379,3355,3341,3191,3413,3635,3501,3603,3386,3522,3648,3419,3518,3460,3476,3653,3551,3487,3291,3554,3477,3276,3002,2904,3654,3627,3629,3473,3113,3365,3162,3350,3283,3086,3402,3273,3197,2806,2984,3336,2890,3200,3243,2996,3218,3211,2764,2583,3376,3382,3368,3291
3096,3339,3026,3328,3014,3174,3207,2736,3013,2672,2989,3328,2955,3134,2962,2895,3138,2284,2730,2536,3372,3346,3346,3190,3410,3628,3501,3602,3389,3496,3656,3413,3522,3460,3476,3653,3551,3487,3291,3554,3477,3269,3004,2903,3653,3630,3635,3468,3102,3361,3162,3345,3284,3091,3403,3268,3192,2806,2984,3336,2890,3200,3243,2996,3218,3209,2764,2584,3379,3385,3375,3296
3095,3339,3026,3328,3014,3174,3207,2736,3013,2693,2987,3328,2955,3131,2966,2895,3137,2281,2734,2539,3377,3358,3344,3191,3409,3628,3501,3602,3389,3496,3656,3413,3522,3461,3481,3648,3560,3486,3296,3553,3472,3270,3002,2904,3660,3634,3626,3473,3110,3361,3162,3345,3284,3091,3403,3268,3192,2811,2982,3335,2888,3192,3243,2996,3218,3200,2770,2581,3375,3379,3370,3284
3095,3322,3021,3320,3000,3166,3194,2741,3006,2672,2985,3329,2959,3135,2962,2900,3137,2283,2735,2537,3366,3358,3344,3191,3409,3634,3502,3602,3397,3527,3661,3414,3512,3469,3484,3656,3557,3485,3293,3550,3480,3263,3001,2903,3652,3634,3626,3473,3110,3364,3160,3348,3280,3084,3404,3265,3194,2811,2979,3335,2889,3199,3250,2997,3222,3211,2770,2583,3378,3379,3370,3284
3098,3325,3020,3321,3019,3174,3206,2736,3009,2694,2989,3330,2957,3135,2962,2900,3137,2283,2735,2537,3366,3345,3340,3184,3411,3624,3500,3600,3390,3519,3660,3414,3517,3471,3476,3659,3558,3485,3293,3550,3480,3263,3001,2903,3652,3620,3631,3472,3104,3365,3162,3346,3286,3087,3403,3273,3194,2810,2984,3335,2885,3199,3250,2997,3222,3211,2770,2583,3378,3381,3370,3296
3097,3336,3023,3327,3014,3174,3206,2736,3009,2694,2989,3330,2957,3131,2966,2902,3135,2284,2739,2537,3364,3356,3339,3189,3411,3628,3499,3598,3403,3519,3660,3414,3517,3471,3476,3659,3558,3482,3291,3554,3465,3262,3001,2902,3652,3623,3622,3474,3113,3335,3164,3351,3285,3087,3403,3273,3194,2810,2984,3335,2885,3195,3245,2997,3212,3214,2765,2582,3375,3381,3366,3290
3097,3336,3023,3327,3014,3171,3204,2742,3010,2694,2985,3327,2952,3139,2971,2902,3139,2286,2738,2528,3376,3356,3346,3178,3411,3628,3499,3598,3403,3524,3657,3412,3522,3468,3477,3651,3551,3490,3294,3554,3474,3262,3005,2899,3652,3629,3630,3474,3113,3335,3164,3351,3285,3063,3405,3273,3193,2806,2984,3336,2884,3196,3242,2992,3218,3210,2768,2581,3372,3380,3369,3291
3099,3336,3024,3320,3010,3169,3204,2745,3002,2687,2990,3331,2957,3139,2960,2886,3127,2286,2738,2528,3376,3356,3346,3178,3406,3623,3495,3602,3403,3523,3649,3421,3520,3465,3479,3653,3548,3484,3291,3545,3474,3262,3005,2899,3652,3629,3630,3474,3108,3364,3166,3349,3283,3086,3401,3270,3192,2814,2982,3339,2890,3200,3243,2994,3218,3210,2768,2581,3372,3380,3369,3291
3096,3337,3033,3323,3015,3171,3203,2737,3016,2687,2990,3331,2957,3139,2960,2886,3127,2278,2736,2540,3369,3345,3343,3183,3414,3619,3502,3600,3397,3522,3658,3417,3522,3465,3479,3653,3548,3484,3291,3545,3474,3259,3008,2902,3652,3622,3628,3473,3106,3362,3162,3349,3287,3086,3408,3270,3194,2814,2982,3339,2890,3200,3243,2994,3218,3211,2771,2583,3381,3369,3371,3288
3106,3337,3033,3323,3015,3171,3203,2737,3016,2690,2986,3328,2958,3139,2962,2901,3136,2287,2736,2539,3378,3355,3344,3191,3412,3619,3502,3600,3397,3522,3658,3417,3522,3469,3478,3651,3547,3488,3288,3555,3473,3261,3000,2894,3652,3633,3627,3468,3102,3362,3162,3349,3287,3086,3408,3270,3194,2809,2982,3331,2886,3198,3240,2994,3219,3213,2768,2584,3377,3383,3370,3292
3106,3340,3016,3314,3016,3163,3204,2743,3015,2683,2989,3325,2957,3140,2973,2888,3134,2293,2735,2538,3379,3355,3344,3191,3412,3620,3503,3603,3401,3520,3661,3424,3511,3471,3482,3652,3557,3477,3294,3554,3474,3258,3003,2901,3659,3633,3627,3468,3102,3361,3165,3348,3286,3086,3391,3259,3193,2808,2983,3340,2839,3197,3242,2998,3212,3212,2771,2585,3378,3383,3370,3292
3099,3335,3024,3331,3013,3176,3207,2737,3014,2678,2986,3329,2960,3140,2973,2888,3134,2293,2735,2538,3379,3347,3349,3186,3409,3632,3503,3609,3394,3516,3654,3418,3513,3468,3480,3656,3558,3477,3294,3554,3474,3258,3003,2901,3659,3628,3631,3463,3104,3361,3163,3350,3287,3081,3406,3270,3192,2803,2982,3333,2882,3197,3242,2998,3212,3212,2771,2585,3378,3385,3367,3294
3094,3339,3021,3328,3009,3176,3207,2737,3014,2678,2986,3329,2960,3124,2963,2890,3138,2292,2739,2527,3368,3354,3349,3188,3410,3619,3496,3606,3389,3516,3654,3418,3513,3468,3480,3656,3558,3486,3286,3560,3475,3265,2999,2900,3656,3632,3630,3467,3113,3367,3157,3348,3286,3081,3406,3270,3192,2803,2982,3333,2882,3199,3248,2982,3218,3210,2762,2583,3377,3384,3371,3294
3094,3339,3021,3328,3009,3163,3203,2738,3018,2688,2979,3329,2956,3137,2971,2897,3129,2294,2732,2536,3371,3346,3336,3191,3410,3619,3496,3606,3389,3519,3648,3415,3519,3467,3486,3652,3555,3485,3281,3552,3476,3271,3003,2904,3653,3628,3625,3462,3113,3367,3157,3348,3286,3090,3401,3271,3193,2798,2983,3326,2886,3195,3245,2993,3217,3206,2769,2581,3378,3385,3372,3290
3099,3335,3027,3322,3012,3174,3200,2738,2993,2686,2985,3331,2954,3140,2968,2889,3131,2294,2732,2536,3371,3346,3336,3191,3410,3624,3500,3598,3390,3529,3654,3421,3521,3473,3480,3648,3557,3490,3282,3558,3474,3271,3003,2904,3653,3628,3625,3462,3109,3366,3156,3352,3287,3085,3396,3272,3192,2812,2987,3334,2892,3195,3241,2998,3213,3206,2769,2581,3378,3385,3372,3290
3097,3342,3028,3331,3009,3177,3207,2738,3011,2686,2985,3331,2954,3140,2968,2889,3131,2282,2737,2540,3375,3348,3332,3184,3411,3632,3504,3589,3384,3521,3651,3422,3518,3473,3480,3648,3557,3490,3282,3558,3474,3263,3002,2902,3652,3600,3630,3462,3102,3363,3159,3351,3287,3086,3404,3273,3196,2812,2987,3334,2892,3195,3241,2998,3213,3214,2769,2578,3378,3380,3370,3293
3088,3342,3028,3331,3009,3177,3207,2738,3011,2692,2989,3330,2952,3113,2972,2894,3138,2290,2738,2529,3374,3355,3344,3185,3417,3632,3504,3589,3384,3521,3651,3422,3518,3464,3481,3654,3553,3488,3276,3552,3477,3275,3008,2901,3651,3618,3622,3462,3111,3363,3159,3351,3287,3086,3404,3273,3196,2807,2983,3335,2889,3199,3241,2994,3213,3205,2772,2583,3373,3384,3367,3293
3088,3342,3026,3309,3008,3180,3195,2738,3017,2692,2979,3317,2956,3137,2971,2905,3129,2281,2737,2540,3380,3355,3344,3185,3417,3630,3501,3598,3393,3522,3656,3426,3521,3462,3479,3658,3561,3485,3278,3552,3484,3292,3007,2899,3658,3618,3622,3462,3111,3363,3164,3342,3283,3084,3410,3269,3197,2802,2984,3333,2891,3200,3249,2993,3215,3214,2768,2581,3378,3384,3367,3293
3100,3337,3028,3328,3015,3172,3202,2739,3013,2692,2983,3328,2955,3137,2971,2905,3129,2281,2737,2540,3380,3355,3337,3194,3416,3630,3502,3597,3389,3522,3656,3428,3523,3466,3481,3650,3557,3485,3278,3552,3484,3292,3007,2899,3658,3627,3631,3464,3112,3364,3155,3347,3284,3085,3405,3268,3195,2800,2984,3337,2883,3200,3249,2993,3215,3214,2768,2581,3378,3380,3365,3298
3098,3325,3024,3319,3019,3172,3202,2739,3013,2692,2983,3328,2955,3140,2956,2898,3133,2296,2736,2540,3374,3342,3341,3190,3414,3631,3505,3604,3384,3522,3656,3428,3523,3466,3481,3650,3557,3489,3272,3550,3477,3274,3009,2901,3658,3630,3621,3463,3106,3364,3166,3348,3283,3085,3405,3268,3195,2800,2984,3337,2883,3198,3248,2988,3218,3212,2761,2583,3377,3375,3373,3294
3098,3325,3024,3319,3019,3167,3199,2746,3014,2697,2989,3320,2961,3140,2970,2897,3132,2288,2744,2536,3376,3360,3336,3187,3414,3631,3505,3604,3384,3519,3660,3433,3515,3461,3487,3654,3562,3487,3273,3544,3478,3299,3007,2892,3650,3625,3620,3462,3106,3364,3166,3348,3283,3086,3407,3268,3197,2804,2981,3339,2891,3198,3241,2992,3216,3205,2769,2584,3379,3386,3367,3288
3097,3340,3026,3329,3011,3160,3204,2742,3014,2665,2980,3326,2960,3136,2972,2902,3130,2288,2744,2536,3376,3360,3336,3187,3414,3630,3502,3597,3382,3521,3652,3428,3515,3458,3484,3655,3561,3480,3266,3557,3480,3299,3007,2892,3650,3625,3620,3462,3109,3361,3166,3341,3289,3083,3403,3269,3195,2807,2977,3336,2884,3197,3248,2991,3212,3205,2769,2584,3379,3386,3367,3288
3092,3327,3030,3321,3021,3169,3196,2727,3006,2665,2980,3326,2960,3136,2972,2902,3130,2292,2740,2540,3376,3357,3333,3186,3414,3626,3506,3601,3380,3522,3662,3426,3512,3458,3484,3655,3561,3480,3266,3557,3480,3302,3013,2898,3654,3626,3630,3465,3112,3360,3164,3352,3280,3088,3408,3268,3197,2807,2977,3336,2884,3197,3248,2991,3212,3213,2763,2583,3378,3382,3362,3293
3095,3327,3030,3321,3021,3169,3196,2727,3006,2689,2986,3318,2951,3144,2978,2896,3133,2288,2731,2538,3368,3360,3346,3191,3418,3626,3506,3601,3380,3522,3662,3426,3512,3467,3484,3653,3560,3483,3262,3553,3478,3304,3006,2899,3649,3626,3630,3456,3104,3360,3164,3352,3280,3088,3408,3268,3197,2810,2979,3338,2890,3198,3247,2994,3211,3214,2772,2583,3380,3377,3374,3290
3095,3340,3024,3321,2997,3159,3201,2740,3011,2692,2992,3319,2950,3138,2972,2903,3139,2276,2733,2537,3375,3360,3346,3191,3418,3636,3507,3603,3376,3519,3661,3434,3516,3470,3486,3652,3556,3477,3268,3547,3480,3307,3005,2894,3652,3626,3630,3456,3104,3364,3165,3345,3281,3088,3401,3269,3192,2813,2979,3339,2890,3199,3243,2997,3216,3212,2768,2579,3380,3377,3374,3290
3097,3341,3027,3323,2958,3174,3202,2739,3014,2676,2987,3314,2958,3138,2972,2903,3139,2276,2733,2537,3375,3356,3343,3178,3420,3624,3507,3601,3377,3525,3658,3397,3522,3468,3486,3652,3554,3477,3268,3547,3480,3307,3005,2894,3652,3619,3626,3456,3106,3362,3164,3349,3288,3082,3399,3269,3197,2798,2980,3338,2881,3199,3243,2997,3216,3212,2768,2579,3380,3383,3369,3294
3092,3338,3019,3327,3018,3174,3202,2739,3014,2676,2987,3314,2958,3135,2972,2901,3141,2278,2733,2536,3379,3353,3348,3183,3416,3631,3506,3602,3373,3525,3658,3397,3522,3468,3486,3652,3554,3484,3261,3545,3481,3303,3006,2899,3655,3627,3628,3461,3114,3361,3162,3349,3284,3082,3399,3269,3197,2798,2980,3338,2881,3200,3236,2986,3214,3212,2758,2587,3375,3382,3374,3290
3092,3338,3019,3327,3018,3167,3196,2741,3014,2694,2989,3322,2948,3138,2964,2899,3139,2161,2731,2542,3374,3354,3345,3177,3416,3631,3506,3602,3373,3531,3658,3427,3520,3468,3479,3651,3552,3484,3259,3551,3478,3308,3005,2894,3653,3632,3625,3448,3114,3361,3162,3349,3284,3087,3400,3268,3196,2810,2982,3334,2888,3198,3247,2997,3214,3212,2767,2582,3380,3382,3364,3280
3098,3336,3029,3327,3017,3162,3195,2740,3014,2694,2981,3331,2951,3141,2971,2900,3130,2161,2731,2542,3374,3354,3345,3177,3423,3633,3510,3601,3369,3523,3666,3438,3519,3464,3486,3650,3554,3488,3263,3552,3477,3308,3005,2894,3653,3632,3625,3448,3101,3366,3160,3335,3285,3089,3401,3269,3196,2802,2982,3338,2884,3198,3243,2994,3210,3212,2767,2582,3380,3382,3364,3280
3098,3330,3034,3313,3014,3178,3198,2734,3006,2694,2981,3331,2951,3141,2971,2900,3130,2286,2736,2539,3376,3359,3346,3185,3421,3629,3510,3600,3377,3528,3651,3421,3519,3464,3486,3650,3554,3488,3263,3552,3477,3317,3003,2895,3653,3624,3616,3450,3108,3361,3165,3352,3277,3086,3408,3267,3195,2802,2982,3338,2884,3198,3243,2994,3210,3210,2768,2580,3376,3382,3376,3294
3090,3330,3034,3313,3014,3178,3198,2734,3006,2680,2989,3324,2950,3131,2977,2900,3134,2280,2731,2538,3373,3356,3338,3191,3417,3629,3510,3600,3377,3528,3651,3421,3519,3467,3488,3657,3553,3484,3258,3553,3481,3325,3013,2898,3658,3624,3626,3452,3104,3361,3165,3352,3277,3086,3408,3267,3195,2810,2985,3329,2886,3200,3233,2999,3214,3213,2768,2583,3371,3379,3373,3294
3090,3336,3021,3325,3016,3171,3197,2734,3013,2693,2986,3329,2948,3135,2971,2897,3137,2283,2731,2535,3378,3356,3338,3191,3417,3631,3512,3602,3369,3518,3654,3436,3520,3471,3483,3648,3557,3486,3250,3546,3485,3333,3004,2899,3649,3624,3626,3452,3104,3366,3161,3337,3288,3087,3394,3272,3194,2808,2984,3338,2890,3200,3248,2996,3213,3210,2763,2582,3378,3379,3373,3294
3097,3332,3022,3322,3012,3175,3199,2736,3015,2671,2987,3311,2955,3135,2971,2897,3137,2283,2731,2535,3378,3354,3346,3190,3416,3637,3506,3595,3361,3528,3648,3442,3525,3466,3487,3651,3564,3486,3250,3546,3485,3333,3004,2899,3649,3612,3624,3448,3104,3365,3163,3346,3289,3085,3408,3270,3196,2801,2986,3328,2890,3200,3248,2996,3213,3210,2763,2582,3378,3386,3370,3291
3096,3327,3033,3324,3016,3175,3199,2736,3015,2671,2987,3311,2955,3128,2973,2889,3136,2290,2736,2539,3372,3362,3344,3189,3418,3636,3508,3597,3352,3528,3648,3442,3525,3466,3487,3651,3564,3485,3256,3548,3486,3331,3011,2904,3655,3620,3624,3445,3111,3360,3162,3345,3286,3085,3408,3270,3196,2801,2986,3328,2890,3196,3247,2983,3218,3204,2769,2584,3375,3377,3367,3291
3096,3327,3033,3324,3016,3175,3195,2735,3023,2691,2986,3333,2951,3132,2973,2899,3133,2287,2739,2534,3386,3353,3341,3189,3418,3636,3508,3597,3352,3527,3657,3438,3520,3460,3486,3656,3565,3487,3245,3550,3484,3328,3010,2896,3661,3622,3626,3449,3111,3360,3162,3345,3286,3087,3408,3259,3196,2806,2982,3333,2890,3196,3243,2991,3217,3207,2771,2579,3374,3386,3376,3288
3090,3335,3028,3323,3015,3163,3187,2742,3016,2693,2989,3328,2959,3131,2974,2899,3138,2287,2739,2534,3386,3353,3341,3189,3422,3631,3508,3593,3361,3526,3659,3437,3523,3456,3487,3648,3562,3486,3249,3531,3481,3328,3010,2896,3661,3622,3626,3449,3102,3368,3156,3347,3286,3084,3396,3270,3192,2807,2984,3339,2890,3195,3246,2996,3213,3207,2771,2579,3374,3386,3376,3288
3096,3328,3016,3327,3008,3173,3205,2740,3006,2693,2989,3328,2959,3131,2974,2899,3138,2284,2737,2534,3377,3357,3346,3181,3421,3631,3511,3589,3363,3525,3660,3428,3516,3456,3487,3648,3562,3486,3249,3531,3481,3331,3012,2898,3650,3619,3626,3445,3112,3363,3163,3350,3287,3080,3406,3273,3195,2807,2984,3339,2890,3195,3246,2996,3213,3212,2769,2565,3380,3382,3376,3296
3099,3328,3016,3327,3008,3173,3205,2740,3006,2675,2981,3332,2940,3132,2966,2884,3137,2291,2730,2534,3376,3345,3339,3190,3421,3631,3511,3589,3363,3525,3660,3428,3516,3463,3487,3655,3556,3485,3245,3550,3479,3341,3008,2896,3651,3615,3629,3448,3110,3363,3163,3350,3287,3080,3406,3273,3195,2810,2984,3324,2886,3196,3245,2993,3213,3212,2767,2585,3379,3382,3357,3298
3099,3329,3023,3326,3015,3174,3188,2745,3004,2692,2985,3328,2949,3142,2969,2902,3133,2284,2736,2528,3378,3345,3339,3190,3421,3634,3513,3596,3362,3524,3654,3434,3515,3464,3490,3660,3563,3479,3240,3552,3482,3331,3011,2891,3660,3615,3629,3448,3110,3363,3159,3351,3286,3090,3410,3270,3194,2813,2982,3337,2889,3196,3243,2990,3209,3209,2768,2579,3380,3382,3357,3298
3099,3338,3022,3320,3009,3169,3207,2717,3004,2688,2986,3330,2946,3142,2969,2902,3133,2284,2736,2528,3378,3358,3341,3187,3424,3630,3507,3602,3362,3527,3655,3444,3515,3457,3490,3658,3551,3479,3240,3552,3482,3331,3011,2891,3660,3624,3626,3449,3111,3368,3164,3350,3284,3084,3406,3276,3187,2811,2984,3338,2890,3196,3243,2990,3209,3209,2768,2579,3380,3377,3371,3290
3100,3335,3018,3323,3016,3169,3207,2717,3004,2688,2986,3330,2946,3134,2960,2893,3128,2287,2736,2539,3368,3347,3342,3186,3424,3633,3507,3596,3367,3527,3655,3444,3515,3457,3490,3658,3551,3485,3245,3552,3484,3332,3013,2896,3656,3628,3625,3451,3108,3368,3160,3352,3280,3084,3406,3276,3187,2811,2984,3338,2890,3201,3238,2996,3217,3211,2768,2580,3377,3380,3371,3288
3100,3335,3018,3323,3016,3169,3201,2725,3008,2687,2987,3327,2951,3137,2965,2898,3134,2283,2728,2536,3371,3358,3339,3182,3424,3633,3507,3596,3367,3527,3656,3445,3521,3463,3493,3656,3558,3483,3249,3556,3483,3326,3010,2888,3647,3629,3630,3441,3108,3368,3160,3352,3280,3086,3404,3270,3193,2811,2979,3340,2889,3199,3242,2992,3210,3211,2769,2585,3378,3382,3365,3290
3108,3323,3026,3315,3013,3164,3201,2721,3011,2690,2987,3327,2954,3139,2970,2899,3136,2283,2728,2536,3371,3358,3339,3182,3417,3615,3509,3602,3358,3524,3658,3440,3510,3467,3488,3650,3560,3485,3240,3552,3482,3326,3010,2888,3647,3629,3630,3441,3108,3362,3165,3345,3282,3087,3409,3265,3190,2814,2982,3336,2885,3192,3246,2993,3211,3211,2769,2585,3378,3382,3365,3290
3099,3337,3021,3321,3020,3175,3202,2739,3011,2690,2987,3327,2954,3139,2970,2899,3136,2290,2736,2536,3373,3356,3345,3182,3419,3625,3508,3603,3367,3523,3660,3443,3520,3467,3488,3650,3560,3485,3240,3552,3482,3329,3010,2894,3655,3626,3624,3442,3110,3364,3166,3355,3286,3085,3409,3271,3193,2814,2982,3336,2885,3192,3246,2993,3211,3209,2764,2586,3379,3386,3370,3296
3100,3337,3021,3321,3020,3175,3202,2739,3011,2681,2994,3328,2956,3126,2964,2899,3118,2285,2738,2529,3366,3356,3334,3187,3413,3625,3508,3603,3367,3523,3660,3443,3520,3464,3488,3661,3566,3478,3245,3558,3478,3327,3010,2896,3655,3624,3623,3447,3113,3364,3166,3355,3286,3085,3409,3271,3193,2811,2981,3335,2890,3197,3246,2995,3213,3210,2768,2585,3378,3374,3368,3296
3100,3338,3025,3322,3016,3175,3204,2734,3012,2687,2995,3327,2954,3135,2968,2895,3137,2291,2737,2537,3369,3356,3334,3187,3413,3629,3513,3603,3368,3524,3656,3441,3522,3463,3490,3660,3554,3486,3247,3549,3472,3328,3012,2893,3654,3624,3623,3447,3113,3363,3162,3348,3287,3084,3410,3272,3192,2812,2982,3338,2885,3197,3248,2997,3219,3211,2763,2580,3379,3374,3368,3296
3093,3336,3021,3320,3009,3167,3206,2738,2989,2694,2988,3313,2950,3135,2968,2895,3137,2291,2737,2537,3369,3351,3348,3189,3421,3625,3508,3602,3369,3523,3662,3441,3521,3465,3488,3659,3560,3486,3247,3549,3472,3328,3012,2893,3654,3622,3611,3435,3107,3365,3162,3351,3275,3079,3401,3273,3196,2809,2980,3311,2888,3197,3248,2997,3219,3211,2763,2580,3379,3379,3369,3293
3099,3337,3026,3318,3011,3167,3206,2738,2989,2694,2988,3313,2950,3135,2967,2891,3127,2273,2736,2534,3380,3346,3332,3188,3419,3633,3511,3598,3361,3523,3662,3441,3521,3465,3488,3659,3560,3482,3247,3548,3478,3326,3008,2898,3650,3621,3624,3433,3112,3364,3164,3340,3281,3079,3401,3273,3196,2809,2980,3311,2888,3200,3244,2994,3217,3211,2770,2585,3373,3382,3373,3293
3099,3337,3026,3318,3011,3174,3205,2740,3002,2689,2985,3330,2954,3135,2962,2895,3138,2290,2737,2517,3370,3350,3346,3189,3419,3633,3511,3598,3361,3521,3661,3444,3520,3468,3488,3650,3561,3485,3242,3550,3484,3328,3011,2900,3650,3616,3600,3442,3112,3364,3164,3340,3281,3088,3403,3263,3192,2811,2980,3339,2889,3189,3244,2994,3207,3212,2767,2582,3378,3377,3365,3296
3100,3332,3026,3325,3009,3180,3203,2736,3007,2694,2977,3315,2956,3137,2973,2900,3126,2290,2737,2517,3370,3350,3346,3189,3419,3631,3511,3596,3358,3528,3658,3445,3520,3465,3488,3654,3557,3485,3244,3546,3481,3328,3011,2900,3650,3616,3600,3442,3108,3362,3163,3353,3286,3086,3408,3262,3196,2804,2983,3336,2885,3199,3249,2983,3219,3212,2767,2582,3378,3377,3365,3296
3097,3334,3025,3317,3009,3176,3202,2738,3011,2694,2977,3315,2956,3137,2973,2900,3126,2280,2737,2535,3376,3355,3336,3195,3417,3632,3510,3597,3368,3523,3658,3446,3524,3465,3488,3654,3557,3485,3244,3546,3481,3333,3007,2897,3655,3619,3612,3416,3105,3367,3165,3353,3287,3087,3405,3269,3192,2804,2983,3336,2885,3199,3249,2983,3219,3211,2768,2584,3376,3380,3368,3296
3096,3334,3025,3317,3009,3176,3202,2738,3011,2689,2982,3324,2951,3140,2954,2892,3133,2283,2738,2541,3374,3343,3342,3187,3420,3632,3510,3597,3368,3523,3658,3446,3524,3465,3481,3658,3554,3486,3251,3553,3472,3333,3011,2897,3659,3622,3620,3442,3110,3367,3165,3353,3287,3087,3405,3269,3192,2807,2981,3336,2890,3198,3246,3000,3217,3209,2772,2586,3375,3380,3372,3295
3096,3335,3025,3323,3012,3171,3205,2723,3009,2677,2981,3328,2956,3128,2972,2898,3135,2286,2734,2540,3372,3343,3342,3187,3420,3630,3505,3598,3364,3529,3658,3441,3520,3464,3492,3655,3565,3485,3245,3549,3486,3334,3006,2889,3650,3622,3620,3442,3110,3368,3163,3346,3288,3086,3404,3267,3192,2799,2982,3336,2887,3199,3245,2959,3211,3211,2770,2578,3380,3380,3372,3295
3096,3338,3025,3327,3006,3163,3202,2738,3015,2663,2981,3327,2946,3128,2972,2898,3135,2286,2734,2540,3372,3357,3344,3187,3416,3626,3504,3598,3358,3525,3658,3446,3521,3466,3488,3656,3561,3485,3245,3549,3486,3334,3006,2889,3650,3617,3626,3446,3109,3354,3164,3351,3284,3082,3407,3269,3197,2807,2982,3338,2885,3199,3245,2959,3211,3211,2770,2578,3380,3376,3361,3295
3099,3337,3026,3321,3006,3163,3202,2738,3015,2663,2981,3327,2946,3135,2967,2899,3128,2273,2733,2535,3374,3354,3333,3178,3420,3629,3513,3599,3360,3525,3658,3446,3521,3466,3488,3656,3561,3482,3249,3551,3488,3333,3009,2898,3651,3614,3621,3445,3069,3360,3162,3348,3275,3082,3407,3269,3197,2807,2982,3338,2885,3195,3237,2998,3217,3211,2771,2581,3371,3382,3368,3289
3099,3337,3026,3321,3006,3168,3200,2737,3016,2693,2987,3324,2957,3135,2970,2886,3134,2298,2739,2538,3374,3358,3341,3190,3420,3629,3513,3599,3360,3527,3657,3442,3527,3470,3487,3657,3564,3481,3240,3551,3482,3339,3011,2896,3650,3620,3625,3443,3069,3360,3162,3348,3275,3090,3405,3263,3194,2810,2978,3337,2890,3190,3247,2997,3213,3210,2770,2582,3373,3384,3373,3286
3091,3339,3026,3321,3015,3164,3211,2737,3009,2690,2977,3320,2966,3135,2970,2896,3136,2298,2739,2538,3374,3358,3341,3190,3419,3630,3510,3601,3361,3531,3651,3446,3525,3468,3489,3654,3563,3482,3241,3544,3486,3339,3011,2896,3650,3620,3625,3443,3105,3367,3161,3348,3281,3088,3399,3272,3195,2805,2983,3339,2890,3196,3243,2999,3216,3210,2770,2582,3373,3384,3373,3286
3094,3340,3022,3311,3011,3163,3206,2735,3016,2690,2977,3320,2966,3135,2970,2896,3136,2285,2738,2538,3374,3353,3341,3178,3416,3633,3511,3605,3362,3531,3657,3453,3522,3468,3489,3654,3563,3482,3241,3544,3486,3340,3009,2892,3647,3613,3622,3439,3109,3365,3167,3349,3274,3088,3405,3272,3184,2805,2983,3339,2890,3196,3243,2999,3216,3210,2763,2585,3379,3386,3368,3297
3087,3340,3022,3311,3011,3163,3206,2735,3016,2691,2984,3329,2952,3140,2968,2885,3132,2279,2738,2535,3377,3349,3332,3180,3417,3633,3511,3605,3362,3531,3657,3453,3522,3467,3488,3658,3557,3476,3243,3550,3477,3338,3010,2891,3653,3621,3623,3438,3107,3365,3167,3349,3274,3088,3405,3272,3184,2812,2978,3341,2888,3197,3252,2996,3221,3207,2768,2581,3378,3381,3373,3289
3087,3344,3025,3321,3016,3163,3198,2739,3002,2688,2986,3328,2943,3130,2963,2897,3137,2285,2735,2518,3376,3349,3332,3180,3417,3631,3509,3600,3361,3530,3658,3449,3531,3478,3484,3647,3528,3488,3241,3548,3485,3341,3007,2895,3649,3621,3623,3438,3107,3365,3164,3344,3288,3086,3402,3272,3194,2811,2985,3342,2884,3188,3244,2987,3210,3210,2770,2573,3380,3381,3373,3289
3090,3338,3026,3322,3016,3164,3195,2739,3013,2691,2987,3315,2961,3130,2963,2897,3137,2285,2735,2518,3376,3338,3341,3181,3420,3638,3509,3604,3358,3528,3663,3449,3528,3468,3486,3655,3550,3488,3241,3548,3485,3341,3007,2895,3649,3620,3626,3432,3111,3366,3165,3348,3284,3089,3402,3272,3194,2806,2978,3334,2886,3188,3244,2987,3210,3210,2770,2573,3380,3376,3365,3299
3096,3333,3024,3310,3011,3164,3195,2739,3013,2691,2987,3315,2961,3138,2970,2891,3128,2279,2744,2537,3376,3353,3332,3179,3417,3635,3512,3598,3360,3528,3663,3449,3528,3468,3486,3655,3550,3488,3250,3549,3486,3343,2999,2888,3654,3619,3624,3437,3105,3357,3156,3350,3270,3089,3402,3272,3194,2806,2978,3334,2886,3199,3244,2995,3216,3204,2769,2581,3376,3386,3369,3297
3096,3333,3024,3310,3011,3167,3203,2737,3008,2689,2985,3325,2953,3141,2969,2896,3125,2285,2736,2539,3373,3352,3345,3179,3417,3635,3512,3598,3360,3530,3656,3448,3523,3467,3493,3656,3564,3485,3243,3548,3478,3343,3008,2895,3654,3622,3620,3427,3105,3357,3156,3350,3270,3089,3397,3266,3194,2810,2980,3336,2888,3199,3249,3000,3214,3207,2769,2582,3371,3385,3370,3282
3090,3328,3028,3320,3015,3172,3193,2739,3014,2693,2986,3320,2945,3142,2972,2896,3134,2285,2736,2539,3373,3352,3345,3179,3420,3629,3511,3599,3351,3521,3658,3453,3524,3468,3494,3643,3552,3485,3237,3538,3484,3343,3008,2895,3654,3622,3620,3427,3109,3364,3168,3350,3282,3084,3405,3270,3193,2799,2982,3341,2888,3199,3250,2986,3218,3207,2769,2582,3371,3385,3370,3282
3097,3337,3021,3324,2996,3155,3204,2738,3010,2693,2986,3320,2945,3142,2972,2896,3134,2280,2732,2542,3371,3356,3287,3182,3419,3630,3509,3603,3350,3529,3657,3451,3521,3468,3494,3643,3552,3485,3237,3538,3484,3346,3010,2898,3655,3606,3619,3435,3110,3365,3162,3347,3283,3086,3408,3272,3194,2799,2982,3341,2888,3199,3250,2986,3218,3209,2768,2583,3382,3379,3373,3290
3095,3337,3021,3324,2996,3155,3204,2738,3010,2695,2990,3307,2955,3135,2968,2904,3138,2286,2737,2539,3375,3356,3343,3188,3422,3630,3509,3603,3350,3529,3657,3451,3521,3467,3492,3651,3564,3486,3233,3549,3486,3351,3011,2896,3649,3618,3625,3430,3107,3365,3162,3347,3283,3086,3408,3272,3194,2811,2983,3334,2887,3202,3243,2997,3218,3211,2769,2582,3377,3380,3372,3296
3095,3327,3030,3325,3012,3170,3195,2734,3017,2677,2985,3330,2952,3130,2962,2895,3137,2275,2733,2533,3369,3356,3343,3188,3422,3637,3510,3596,3348,3528,3659,3450,3523,3468,3487,3665,3564,3485,3221,3547,3485,3348,3007,2896,3645,3618,3625,3430,3107,3365,3165,3344,3286,3088,3409,3268,3193,2810,2988,3343,2885,3195,3245,2993,3215,3213,2765,2582,3377,3380,3372,3296
3089,3332,3025,3323,3013,3171,3193,2737,3013,2690,2988,3325,2947,3130,2962,2895,3137,2275,2733,2533,3369,3360,3332,3172,3421,3635,3513,3590,3352,3524,3662,3455,3524,3463,3490,3651,3564,3485,3221,3547,3485,3348,3007,2896,3645,3620,3619,3424,3108,3366,3161,3353,3288,3088,3406,3271,3190,2807,2985,3338,2888,3195,3245,2993,3215,3213,2765,2582,3377,3379,3370,3292
3094,3329,3018,3328,3005,3171,3193,2737,3013,2690,2988,3325,2947,3136,2972,2900,3136,2301,2730,2536,3377,3350,3340,3179,3423,3634,3511,3591,3348,3524,3662,3455,3524,3463,3490,3651,3564,3486,3222,3552,3482,3352,3009,2893,3656,3621,3623,3425,3111,3353,3165,3338,3284,3088,3406,3271,3190,2807,2985,3338,2888,3196,3242,2992,3217,3211,2767,2584,3372,3383,3370,3297
3094,3329,3018,3328,3005,3164,3195,2735,3008,2678,2985,3328,2955,3134,2975,2890,3137,2270,2734,2529,3377,3344,3345,3187,3423,3634,3511,3591,3348,3529,3664,3450,3526,3460,3488,3658,3562,3473,3224,3544,3478,3357,3007,2896,3648,3620,3624,3422,3111,3353,3165,3338,3284,3086,3404,3267,3194,2814,2984,3332,2888,3201,3237,2993,3211,3207,2768,2584,3372,3379,3368,3296
3095,3327,3020,3328,3016,3173,3205,2730,3017,2691,2987,3330,2950,3131,2968,2899,3136,2270,2734,2529,3377,3344,3345,3187,3423,3628,3514,3596,3340,3527,3662,3451,3516,3467,3491,3658,3563,3482,3217,3549,3483,3357,3007,2896,3648,3620,3624,3422,3113,3367,3160,3349,3284,3089,3407,3274,3194,2809,2982,3339,2891,3199,3247,2998,3211,3207,2768,2584,3372,3379,3368,3296
3095,3330,3027,3323,3017,3165,3188,2740,3017,2691,2987,3330,2950,3131,2968,2899,3136,2286,2738,2532,3382,3355,3342,3198,3420,3631,3507,3575,3350,3533,3663,3454,3513,3467,3491,3658,3563,3482,3217,3549,3483,3356,3009,2892,3656,3618,3621,3421,3112,3362,3160,3350,3275,3089,3409,3274,3197,2809,2982,3339,2891,3199,3247,2998,3211,3208,2769,2581,3378,3381,3374,3293
3099,3330,3027,3323,3017,3165,3188,2740,3017,2687,2987,3328,2949,3137,2970,2900,3135,2289,2739,2536,3375,3354,3342,3181,3426,3631,3507,3575,3350,3533,3663,3454,3513,3465,3493,3661,3564,3481,3221,3539,3486,3363,3010,2896,3646,3618,3622,3418,3107,3362,3160,3350,3275,3089,3409,3274,3197,2805,2982,3334,2888,3195,3248,2996,3205,3216,2770,2578,3381,3378,3363,3289
3099,3338,3020,3329,3013,3177,3204,2728,3008,2692,2985,3324,2956,3135,2967,2907,3136,2284,2727,2537,3375,3354,3342,3181,3426,3630,3514,3598,3341,3533,3655,3452,3523,3460,3499,3662,3562,3475,3221,3548,3488,3367,3009,2888,3658,3618,3622,3418,3107,3367,3159,3348,3285,3086,3404,3274,3185,2802,2982,3337,2890,3199,3249,2989,3216,3212,2772,2583,3377,3378,3363,3289
3093,3322,3025,3331,3016,3173,3206,2738,3016,2691,2992,3327,2953,3135,2967,2907,3136,2284,2727,2537,3375,3338,3340,3192,3429,3617,3513,3601,3346,3529,3658,3428,3525,3467,3494,3650,3562,3475,3221,3548,3488,3367,3009,2888,3658,3613,3619,3417,3112,3355,3164,3348,3284,3090,3410,3263,3191,2810,2984,3326,2891,3199,3249,2989,3216,3212,2772,2583,3377,3378,3372,3289
3087,3339,3019,3318,3019,3173,3206,2738,3016,2691,2992,3327,2953,3130,2970,2901,3135,2292,2731,2541,3374,3354,3345,3189,3424,3626,3515,3600,3341,3529,3658,3428,3525,3467,3494,3650,3562,3487,3212,3547,3486,3364,3009,2888,3652,3614,3616,3414,3111,3361,3162,3346,3285,3090,3410,3263,3191,2810,2984,3326,2891,3197,3237,2996,3217,3204,2770,2581,3371,3382,3369,3297
3087,3339,3019,3318,3019,3162,3203,2739,3007,2685,2988,3334,2952,3125,2967,2896,3127,2285,2728,2533,3367,3364,3335,3185,3424,3626,3515,3600,3341,3532,3664,3453,3520,3477,3496,3656,3566,3486,3221,3548,3485,3368,3005,2893,3654,3613,3616,3412,3111,3361,3162,3346,3285,3085,3403,3274,3193,2809,2981,3332,2889,3196,3250,2997,3213,3213,2770,2581,3377,3385,3369,3296
3099,3343,3017,3322,3016,3176,3200,2736,3006,2695,2987,3330,2950,3133,2965,2900,3140,2285,2728,2533,3367,3364,3335,3185,3415,3637,3515,3602,3331,3531,3662,3452,3521,3469,3494,3662,3562,3477,3217,3547,3480,3368,3005,2893,3654,3613,3616,3412,3111,3360,3163,3351,3278,3082,3411,3268,3195,2808,2977,3336,2892,3198,3244,2984,3216,3213,2770,2581,3377,3385,3369,3296
3096,3331,3027,3327,3014,3166,3198,2742,3011,2695,2987,3330,2950,3133,2965,2900,3140,2286,2739,2530,3370,3353,3344,3186,3420,3630,3513,3598,3345,3534,3659,3460,3524,3469,3494,3662,3562,3477,3217,3547,3480,3362,3008,2890,3648,3616,3621,3404,3112,3369,3163,3352,3288,3086,3408,3267,3195,2808,2977,3336,2892,3198,3244,2984,3216,3213,2771,2583,3380,3376,3374,3290
3100,3331,3027,3327,3014,3166,3198,2742,3011,2689,2984,3329,2954,3139,2967,2898,3130,2283,2736,2528,3376,3357,3341,3188,3424,3630,3513,3598,3345,3534,3659,3460,3524,3472,3495,3656,3565,3481,3216,3545,3484,3353,3011,2893,3647,3616,3619,3396,3111,3369,3163,3352,3288,3086,3408,3267,3195,2810,2982,3340,2890,3188,3244,2992,3219,3211,2768,2558,3376,3384,3373,3283
3100,3341,3028,3314,3024,3177,3210,2738,3004,2690,2989,3331,2952,3136,2964,2895,3107,2286,2736,2522,3374,3357,3341,3188,3424,3631,3517,3600,3339,3528,3662,3458,3531,3468,3497,3654,3566,3483,3211,3541,3486,3360,3011,2897,3648,3616,3619,3396,3111,3363,3165,3347,3288,3076,3410,3266,3195,2810,2983,3331,2891,3194,3245,2993,3216,3210,2768,2583,3374,3384,3373,3283
3102,3335,3028,3319,3019,3174,3209,2734,3013,2686,2989,3331,2955,3136,2964,2895,3107,2286,2736,2522,3374,3349,3322,3187,3424,3633,3515,3600,3341,3536,3661,3458,3528,3465,3497,3660,3560,3483,3211,3541,3486,3360,3011,2897,3648,3612,3622,3411,3108,3366,3161,3348,3290,3081,3402,3272,3186,2811,2984,3326,2891,3194,3245,2993,3216,3210,2768,2583,3374,3386,3375,3293
3101,3338,3018,3322,3018,3174,3209,2734,3013,2686,2989,3331,2955,3135,2959,2899,3136,2289,2738,2540,3376,3358,3345,3182,3425,3626,3520,3596,3338,3536,3661,3458,3528,3465,3497,3660,3560,3480,3206,3540,3484,3370,3013,2891,3649,3612,3606,3413,3112,3366,3165,3352,3280,3081,3402,3272,3186,2811,2984,3326,2891,3196,3237,2995,3217,3203,2771,2584,3374,3384,3372,3289
3101,3338,3018,3322,3018,3163,3206,2739,3015,2683,2985,3321,2956,3138,2976,2888,3130,2283,2736,2538,3376,3351,3347,3173,3425,3626,3520,3596,3338,3540,3669,3463,3521,3468,3495,3658,3562,3483,3209,3546,3481,3367,3006,2893,3645,3609,3614,3406,3112,3366,3165,3352,3280,3085,3410,3271,3193,2810,2982,3339,2887,3200,3242,2997,3216,3212,2770,2585,3380,3387,3364,3296
3095,3338,3031,3327,3015,3171,3202,2737,3013,2676,2984,3329,2955,3135,2960,2900,3135,2283,2736,2538,3376,3351,3347,3173,3426,3631,3518,3592,3347,3532,3665,3459,3525,3462,3500,3657,3568,3481,3199,3527,3483,3367,3006,2893,3645,3609,3614,3406,3113,3360,3160,3348,3286,3084,3409,3266,3197,2807,2985,3339,2885,3199,3245,2994,3215,3212,2770,2585,3380,3387,3364,3296
3091,3340,3023,3325,3007,3162,3201,2733,3017,2676,2984,3329,2955,3135,2960,2900,3135,2288,2737,2537,3370,3356,3344,3190,3424,3621,3512,3599,3343,3530,3662,3467,3524,3462,3500,3657,3568,3481,3199,3527,3483,3372,3009,2893,3649,3604,3613,3411,3112,3363,3164,3346,3284,3089,3405,3274,3197,2807,2985,3339,2885,3199,3245,2994,3215,3211,2760,2580,3379,3379,3370,3290
3101,3340,3023,3325,3007,3162,3201,2733,3017,2691,2982,3329,2953,3133,2964,2892,3128,2289,2736,2533,3371,3346,3336,3191,3421,3621,3512,3599,3343,3530,3662,3467,3524,3468,3496,3656,3568,3482,3198,3543,3484,3366,3006,2900,3652,3605,3618,3409,3111,3363,3164,3346,3284,3089,3405,3274,3197,2810,2987,3337,2888,3198,3242,2998,3218,3202,2772,2581,3379,3388,3373,3286
3101,3336,3027,3318,3008,3166,3200,2742,2993,2689,2988,3331,2951,3139,2970,2898,3130,2283,2740,2535,3378,3346,3336,3191,3421,3624,3519,3604,3352,3534,3662,3458,3529,3471,3501,3659,3569,3479,3184,3545,3483,3369,3000,2893,3650,3605,3618,3409,3111,3367,3132,3350,3279,3090,3410,3271,3194,2809,2984,3338,2887,3196,3246,2996,3211,3214,2769,2579,3375,3388,3373,3286
3102,3335,3028,3326,3010,3176,3199,2736,3013,2688,2987,3329,2954,3139,2970,2898,3130,2283,2740,2535,3378,3348,3334,3187,3420,3637,3515,3593,3357,3536,3654,3460,3527,3466,3500,3658,3572,3479,3184,3545,3483,3369,3000,2893,3650,3605,3614,3412,3112,3364,3157,3352,3274,3082,3409,3268,3184,2810,2978,3339,2892,3196,3246,2996,3211,3214,2769,2579,3375,3380,3372,3296
3098,3336,3027,3311,3008,3176,3199,2736,3013,2688,2987,3329,2954,3110,2969,2891,3136,2296,2736,2528,3375,3355,3340,3185,3425,3633,3514,3606,3357,3536,3654,3460,3527,3466,3500,3658,3572,3478,3181,3526,3481,3368,3014,2896,3645,3617,3618,3408,3104,3364,3164,3348,3286,3082,3409,3268,3184,2810,2978,3339,2892,3194,3242,2997,3212,3214,2768,2585,3379,3381,3370,3290
3098,3336,3027,3311,3008,3185,3191,2735,3013,2689,2980,3316,2950,3136,2972,2902,3128,2277,2738,2538,3375,3352,3336,3188,3425,3633,3514,3606,3357,3531,3662,3465,3524,3471,3499,3658,3562,3465,3178,3549,3485,3366,3008,2885,3647,3610,3613,3396,3104,3364,3164,3348,3286,3086,3404,3275,3196,2808,2984,3334,2891,3191,3250,2997,3218,3211,2771,2577,3381,3384,3373,3295
3093,3336,3028,3319,2981,3175,3209,2737,3014,2688,2980,3327,2955,3132,2969,2900,3136,2277,2738,2538,3375,3352,3336,3188,3426,3628,3523,3602,3353,3525,3664,3461,3525,3468,3498,3656,3567,3485,3163,3546,3483,3366,3008,2885,3647,3610,3613,3396,3112,3366,3161,3352,3283,3083,3401,3270,3193,2802,2979,3334,2883,3200,3245,2996,3214,3211,2771,2577,3381,3384,3373,3295
3101,3324,3024,3325,3014,3160,3194,2743,3016,2688,2980,3327,2955,3132,2969,2900,3136,2295,2736,2538,3371,3341,3339,3189,3425,3633,3515,3604,3359,3529,3667,3472,3528,3468,3498,3656,3567,3485,3163,3546,3483,3365,3009,2892,3645,3614,3616,3400,3112,3366,3166,3350,3286,3088,3409,3272,3194,2802,2979,3334,2883,3200,3245,2996,3214,3214,2770,2582,3376,3385,3370,3292
3097,3324,3024,3325,3014,3160,3194,2743,3016,2692,2985,3319,2960,3139,2969,2896,3130,2273,2742,2535,3376,3356,3335,3178,3428,3633,3515,3604,3359,3529,3667,3472,3528,3473,3499,3654,3562,3477,3164,3547,3482,3364,3002,2892,3650,3612,3606,3405,3109,3366,3166,3350,3286,3088,3409,3272,3194,2810,2981,3337,2889,3194,3244,2994,3213,3213,2768,2582,3380,3387,3364,3294
3097,3339,3027,3324,3013,3167,3203,2736,3011,2667,2980,3324,2952,3137,2971,2897,3127,2288,2737,2542,3376,3356,3335,3178,3428,3635,3514,3594,3368,3536,3659,3471,3528,3468,3502,3660,3566,3473,3152,3548,3474,3361,3008,2887,3647,3612,3606,3405,3109,3365,3160,3345,3287,3086,3402,3272,3197,2808,2981,3336,2891,3194,3236,2991,3215,3213,2765,2578,3376,3387,3364,3294
3088,3325,3024,3319,3020,3174,3196,2744,3010,2686,2982,3317,2947,3137,2971,2897,3127,2288,2737,2542,3376,3358,3333,3186,3426,3634,3521,3602,3368,3530,3666,3468,3525,3468,3500,3655,3569,3473,3152,3548,3474,3361,3008,2887,3647,3615,3608,3392,3113,3358,3164,3349,3280,3082,3410,3258,3193,2806,2980,3332,2890,3194,3236,2991,3215,3213,2765,2578,3376,3378,3372,3291
3091,3341,3027,3324,2997,3174,3196,2744,3010,2686,2982,3317,2947,3139,2977,2894,3129,2279,2731,2538,3371,3353,3341,3180,3399,3633,3514,3600,3365,3530,3666,3468,3525,3468,3500,3655,3569,3477,3145,3548,3477,3363,3007,2893,3646,3600,3608,3394,3111,3368,3165,3338,3286,3082,3410,3258,3193,2806,2980,3332,2890,3199,3245,2997,3212,3213,2762,2580,3373,3380,3374,3295
3091,3341,3027,3324,2997,3160,3204,2738,3013,2695,2982,3320,2951,3138,2972,2901,3136,2286,2731,2535,3375,3358,3342,3178,3399,3633,3514,3600,3365,3522,3665,3475,3523,3467,3508,3647,3570,3480,3142,3550,3479,3366,3008,2894,3650,3604,3606,3401,3111,3368,3165,3338,3286,3088,3403,3267,3195,2811,2984,3339,2888,3200,3248,2995,3214,3213,2770,2585,3374,3382,3372,3297
3093,3338,3025,3325,3017,3168,3202,2745,3011,2677,2984,3316,2952,3137,2974,2893,3134,2286,2731,2535,3375,3358,3342,3178,3422,3631,3512,3598,3355,3528,3667,3473,3525,3462,3501,3656,3571,3479,3134,3547,3477,3366,3008,2894,3650,3604,3606,3401,3112,3364,3165,3340,3283,3087,3404,3268,3195,2801,2984,3332,2887,3194,3244,2997,3219,3213,2770,2585,3374,3382,3372,3297
3088,3335,3019,3320,3013,3175,3195,2724,3013,2677,2984,3316,2952,3137,2974,2893,3134,2285,2740,2536,3376,3355,3332,3186,3421,3629,3514,3592,3369,3529,3668,3472,3531,3462,3501,3656,3571,3479,3134,3547,3477,3356,3009,2892,3645,3616,3614,3391,3114,3365,3161,3353,3284,3085,3410,3270,3194,2801,2984,3332,2887,3194,3244,2997,3219,3212,2772,2583,3379,3385,3370,3292
3099,3335,3019,3320,3013,3175,3195,2724,3013,2691,2986,3328,2943,3135,2971,2901,3134,2291,2730,2542,3373,3355,3344,3179,3420,3629,3514,3592,3369,3529,3668,3472,3531,3474,3500,3656,3574,3480,3125,3555,3475,3363,3006,2890,3650,3616,3612,3401,3109,3365,3161,3353,3284,3085,3410,3270,3194,2808,2981,3334,2888,3202,3247,2997,3216,3214,2760,2582,3372,3387,3369,3295
3099,3339,3024,3322,3015,3161,3204,2742,3012,2694,2980,3330,2951,3135,2966,2903,3128,2277,2735,2537,3372,3355,3344,3179,3420,3633,3506,3585,3380,3527,3664,3478,3521,3457,3508,3657,3576,3473,3120,3551,3472,3364,3011,2885,3644,3616,3612,3401,3109,3364,3162,3350,3285,3087,3402,3268,3192,2806,2981,3325,2886,3200,3243,2997,3214,3206,2765,2583,3376,3387,3369,3295
3102,3326,3021,3330,3010,3173,3202,2723,3018,2689,2985,3326,2950,3135,2966,2903,3128,2277,2735,2537,3372,3355,3344,3179,3420,3624,3503,3594,3376,3521,3668,3464,3504,3461,3509,3662,3578,3473,3120,3551,3472,3364,3011,2885,3644,3608,3605,3399,3111,3368,3167,3349,3278,3087,3407,3274,3196,2809,2981,3332,2885,3200,3243,2997,3214,3206,2765,2583,3376,3374,3368,3292
3094,3335,3027,3328,3017,3173,3202,2723,3018,2689,2985,3326,2950,3127,2975,2894,3136,2285,2732,2533,3380,3347,3346,3185,3421,3627,3498,3598,3385,3521,3668,3464,3504,3461,3509,3662,3578,3474,3118,3556,3478,3366,3008,2891,3653,3617,3613,3406,3115,3362,3164,3347,3285,3087,3407,3274,3196,2809,2981,3332,2885,3195,3244,2988,3219,3206,2768,2582,3375,3387,3370,3290
3094,3335,3027,3328,3017,3158,3196,2727,3014,2691,2989,3327,2945,3135,2973,2900,3141,2290,2732,2540,3377,3356,3347,3185,3421,3627,3498,3598,3385,3523,3664,3471,3512,3438,3513,3662,3582,3476,3095,3557,3472,3361,3006,2890,3648,3611,3617,3401,3115,3362,3164,3347,3285,3089,3400,3270,3196,2810,2980,3333,2881,3192,3245,2996,3218,3211,2770,2580,3376,3378,3368,3295
3104,3337,3020,3336,3012,3168,3204,2734,3009,2668,2987,3309,2953,3135,2962,2848,3129,2290,2732,2540,3377,3356,3347,3185,3420,3629,3505,3600,3390,3522,3661,3472,3525,3455,3510,3662,3560,3469,3100,3554,3474,3361,3006,2890,3648,3611,3617,3401,3108,3366,3161,3346,3284,3088,3402,3276,3191,2785,2983,3341,2888,3196,3239,2995,3214,3211,2770,2580,3376,3378,3368,3295
3090,3333,3024,3322,3014,3174,3208,2725,2998,2668,2987,3309,2953,3135,2962,2848,3129,2293,2734,2539,3376,3358,3347,3189,3422,3622,3506,3601,3393,3519,3661,3467,3521,3455,3510,3662,3560,3469,3100,3554,3474,3362,3012,2892,3656,3612,3612,3404,3110,3367,3160,3350,3284,3087,3404,3270,3197,2785,2983,3341,2888,3196,3239,2995,3214,3214,2769,2584,3377,3384,3372,3282
3093,3333,3024,3322,3014,3174,3208,2725,2998,2690,2986,3327,2959,3128,2971,2896,3139,2290,2740,2531,3384,3353,3348,3192,3420,3622,3506,3601,3393,3519,3661,3467,3521,3464,3510,3632,3572,3469,3085,3560,3466,3361,3007,2892,3646,3618,3610,3405,3112,3367,3160,3350,3284,3087,3404,3270,3197,2798,2983,3330,2891,3199,3248,2985,3213,3205,2772,2580,3382,3380,3372,3297
3093,3338,3027,3327,3012,3166,3190,2738,3014,2697,2988,3327,2960,3134,2974,2897,3139,2282,2743,2535,3377,3353,3348,3192,3420,3619,3514,3601,3391,3516,3667,3472,3520,3461,3509,3654,3569,3476,3073,3555,3475,3354,3013,2893,3652,3618,3610,3405,3112,3364,3163,3348,3283,3087,3405,3269,3186,2813,2982,3335,2892,3199,3237,2989,3218,3208,2764,2582,3378,3380,3372,3297
3098,3341,3018,3315,3022,3174,3205,2736,3005,2706,2984,3329,2946,3134,2974,2897,3139,2282,2743,2535,3377,3358,3343,3185,3416,3634,3505,3604,3398,3518,3664,3481,3529,3467,3505,3659,3576,3476,3073,3555,3475,3354,3013,2893,3652,3617,3610,3399,3105,3366,3158,3350,3281,3091,3410,3269,3192,2809,2981,3337,2891,3199,3237,2989,3218,3208,2764,2582,3378,3375,3372,3295
3103,3330,3023,3322,3020,3174,3205,2736,3005,2706,2984,3329,2946,3134,2966,2884,3139,2292,2727,2532,3376,3345,3344,3187,3418,3633,3506,3600,3401,3518,3664,3481,3529,3467,3505,3659,3576,3468,3071,3555,3472,3350,3004,2891,3648,3612,3616,3411,3117,3364,3161,3342,3285,3091,3410,3269,3192,2809,2981,3337,2891,3199,3244,2996,3216,3210,2772,2584,3374,3387,3373,3296
3103,3330,3023,3322,3020,3177,3188,2743,3011,2697,2985,3327,2954,3135,2970,2902,3135,2287,2741,2528,3380,3357,3348,3188,3418,3633,3506,3600,3401,3524,3664,3473,3525,3459,3509,3665,3577,3475,3065,3558,3467,3336,3006,2893,3647,3616,3610,3375,3117,3364,3161,3342,3285,3088,3398,3272,3195,2799,2977,3339,2878,3197,3250,2996,3212,3213,2764,2586,3377,3383,3368,3294
3097,3340,3024,3320,3008,3168,3205,2717,3004,2691,2986,3329,2946,3133,2960,2903,3131,2287,2741,2528,3380,3357,3348,3188,3420,3633,3505,3597,3396,3523,3658,3473,3522,3450,3508,3662,3574,3475,3058,3549,3464,3336,3006,2893,3647,3616,3610,3375,3112,3364,3159,3350,3285,3083,3401,3267,3193,2809,2984,3338,2892,3196,3242,2994,3216,3213,2764,2586,3377,3383,3368,3294
3095,3340,3019,3320,3018,3178,3203,2725,3003,2691,2986,3329,2946,3133,2960,2903,3131,2282,2737,2541,3368,3345,3345,3190,3420,3626,3504,3602,3399,3517,3666,3472,3520,3450,3508,3662,3574,3475,3058,3549,3464,3352,3004,2891,3647,3614,3612,3406,3113,3366,3129,3350,3281,3086,3395,3271,3193,2809,2984,3338,2892,3196,3242,2994,3216,3211,2772,2584,3380,3382,3371,3297
3102,3340,3019,3320,3018,3178,3203,2725,3003,2689,2985,3329,2957,3131,2969,2898,3138,2285,2740,2540,3368,3356,3344,3191,3419,3626,3504,3602,3399,3517,3666,3472,3520,3461,3516,3661,3578,3478,3059,3553,3479,3348,3004,2892,3655,3610,3614,3412,3111,3366,3129,3350,3281,3086,3395,3271,3193,2812,2982,3340,2882,3196,3248,2997,3219,3213,2771,2582,3378,3384,3369,3290
3102,3347,3029,3324,3016,3160,3204,2717,3009,2687,2986,3325,2955,3143,2966,2902,3136,2284,2737,2538,3373,3356,3344,3191,3419,3637,3504,3599,3395,3518,3662,3476,3522,3455,3509,3666,3577,3474,3047,3560,3467,3349,3006,2891,3656,3610,3614,3412,3111,3366,3158,3349,3285,3081,3406,3273,3194,2809,2979,3309,2882,3197,3241,2988,3215,3210,2761,2581,3372,3384,3369,3290
3099,3342,3015,3315,3017,3173,3203,2742,3012,2690,2988,3329,2957,3143,2966,2902,3136,2284,2737,2538,3373,3355,3342,3187,3419,3633,3504,3601,3405,3519,3664,3479,3523,3460,3515,3659,3582,3474,3047,3560,3467,3349,3006,2891,3656,3602,3608,3403,3115,3363,3164,3345,3282,3083,3408,3272,3192,2814,2983,3340,2889,3197,3241,2988,3215,3210,2761,2581,3372,3374,3369,3296
3103,3340,3018,3326,3014,3173,3203,2742,3012,2690,2988,3329,2957,3125,2965,2897,3118,2284,2740,2524,3370,3356,3335,3185,3419,3633,3502,3598,3403,3519,3664,3479,3523,3460,3515,3659,3582,3478,3042,3562,3471,3349,3006,2892,3651,3604,3609,3415,3106,3365,3161,3343,3286,3083,3408,3272,3192,2814,2983,3340,2889,3196,3247,2996,3210,3214,2768,2582,3375,3382,3369,3292
3103,3340,3018,3326,3014,3175,3207,2733,3014,2686,2988,3326,2955,3138,2972,2898,3136,2288,2738,2538,3370,3353,3347,3188,3419,3633,3502,3598,3403,3518,3664,3467,3524,3463,3509,3659,3569,3479,3037,3552,3466,3349,3005,2884,3646,3613,3595,3411,3106,3365,3161,3343,3286,3090,3400,3275,3193,2803,2978,3336,2890,3195,3246,2994,3217,3213,2767,2577,3379,3380,3369,3290
3093,3337,3028,3320,3009,3169,3197,2742,2993,2687,2984,3308,2954,3141,2962,2890,3138,2288,2738,2538,3370,3353,3347,3188,3424,3626,3507,3608,3401,3526,3665,3476,3522,3466,3513,3658,3574,3472,3034,3556,3465,3349,3005,2884,3646,3613,3595,3411,3113,3365,3158,3350,3287,3089,3406,3268,3191,2811,2980,3341,2891,3198,3245,2993,3218,3213,2767,2577,3379,3380,3369,3290
3099,3335,3024,3329,3011,3174,3206,2741,3001,2687,2984,3308,2954,3141,2962,2890,3138,2277,2735,2538,3369,3342,3336,3189,3417,3629,3512,3592,3413,3526,3666,3479,3525,3466,3513,3658,3574,3472,3034,3556,3465,3347,3005,2889,3648,3608,3608,3409,3105,3366,3163,3347,3280,3087,3407,3274,3192,2811,2980,3341,2891,3198,3245,2993,3218,3210,2767,2581,3380,3385,3373,3297
3093,3335,3024,3329,3011,3174,3206,2741,3001,2690,2988,3328,2950,3135,2965,2893,3135,2282,2735,2537,3370,3352,3345,3182,3427,3629,3512,3592,3413,3526,3666,3479,3525,3453,3510,3657,3578,3477,3020,3553,3464,3344,3009,2890,3628,3616,3611,3411,3112,3366,3163,3347,3280,3087,3407,3274,3192,2809,2980,3330,2890,3195,3249,3000,3216,3214,2769,2581,3375,3380,3364,3292
3093,3340,3025,3310,3010,3178,3193,2741,2993,2687,2980,3312,2950,3136,2974,2902,3129,2269,2735,2538,3376,3352,3345,3182,3427,3636,3507,3606,3408,3524,3664,3481,3527,3458,3510,3660,3573,3461,3022,3550,3462,3346,3007,2877,3647,3616,3611,3411,3112,3365,3162,3348,3287,3087,3408,3275,3195,2800,2982,3336,2889,3200,3247,2988,3216,3203,2770,2584,3379,3380,3364,3292
3099,3336,3029,3315,3012,3169,3201,2736,3015,2683,2982,3328,2955,3136,2974,2902,3129,2269,2735,2538,3376,3349,3338,3192,3424,3634,3503,3606,3414,3515,3665,3476,3519,3462,3512,3658,3580,3461,3022,3550,3462,3346,3007,2877,3647,3615,3613,3397,3112,3368,3162,3345,3286,3085,3408,3266,3193,2805,2982,3333,2889,3200,3247,2988,3216,3203,2770,2584,3379,3357,3370,3282
3096,3326,3032,3314,3015,3169,3201,2736,3015,2683,2982,3328,2955,3139,2950,2892,3129,2294,2731,2541,3364,3346,3346,3183,3436,3637,3512,3608,3410,3515,3665,3476,3519,3462,3512,3658,3580,3465,3016,3552,3461,3343,3007,2883,3656,3617,3612,3403,3102,3367,3157,3338,3288,3085,3408,3266,3193,2805,2982,3333,2889,3192,3244,2997,3212,3213,2770,2582,3376,3384,3367,3293
3096,3326,3032,3314,3015,3172,3207,2739,3016,2692,2984,3327,2952,3136,2968,2898,3130,2281,2735,2536,3376,3349,3339,3185,3436,3637,3512,3608,3410,3524,3674,3478,3525,3458,3510,3656,3575,3472,3015,3550,3459,3337,3005,2888,3654,3618,3602,3410,3102,3367,3157,3338,3288,3084,3395,3275,3189,2809,2984,3340,2884,3192,3246,2995,3211,3212,2768,2580,3378,3383,3364,3293
3100,3340,3027,3329,3013,3166,3202,2741,3012,2664,2980,3318,2945,3137,2973,2891,3128,2281,2735,2536,3376,3349,3339,3185,3429,3629,3510,3603,3403,3523,3666,3479,3524,3461,3508,3661,3571,3463,3003,3552,3462,3337,3005,2888,3654,3618,3602,3410,3112,3365,3161,3348,3289,3084,3406,3271,3194,2810,2982,3324,2890,3198,3246,2991,3217,3212,2768,2580,3378,3383,3364,3293
3098,3338,3027,3321,3006,3170,3202,2737,3011,2664,2980,3318,2945,3137,2973,2891,3128,2284,2730,2534,3377,3359,3330,3174,3427,3626,3514,3606,3416,3524,3668,3479,3523,3461,3508,3661,3571,3463,3003,3552,3462,3335,3000,2882,3646,3621,3607,3410,3110,3362,3164,3349,3280,3088,3405,3267,3194,2810,2982,3324,2890,3198,3246,2991,3217,3211,2771,2583,3377,3383,3363,3297
3092,3338,3027,3321,3006,3170,3202,2737,3011,2699,2986,3328,2952,3136,2971,2893,3130,2274,2738,2539,3375,3356,3337,3188,3425,3626,3514,3606,3416,3524,3668,3479,3523,3460,3510,3646,3567,3474,2999,3552,3457,3331,3000,2886,3648,3619,3608,3400,3110,3362,3164,3349,3280,3088,3405,3267,3194,2809,2979,3334,2888,3201,3249,2994,3213,3211,2770,2584,3381,3376,3368,3294
3092,3328,3028,3324,2997,3161,3200,2722,3011,2690,2995,3319,2947,3133,2968,2900,3141,2279,2734,2539,3374,3356,3337,3188,3425,3633,3513,3608,3416,3526,3669,3475,3524,3453,3508,3653,3572,3467,2990,3541,3448,3345,2998,2884,3646,3619,3608,3400,3110,3359,3165,3349,3279,3084,3405,3272,3195,2806,2987,3339,2892,3193,3248,2990,3216,3213,2772,2585,3370,3376,3368,3294
3095,3335,3028,3323,3005,3173,3201,2744,3012,2690,2987,3331,2954,3133,2968,2900,3141,2279,2734,2539,3374,3355,3344,3178,3429,3635,3520,3612,3416,3528,3670,3478,3525,3455,3511,3657,3561,3467,2990,3541,3448,3345,2998,2884,3646,3610,3604,3413,3115,3362,3165,3352,3283,3085,3405,3268,3194,2813,2985,3340,2885,3193,3248,2990,3216,3213,2772,2585,3370,3384,3374,3294
3093,3342,3027,3321,3018,3173,3201,2744,3012,2690,2987,3331,2954,3138,2972,2885,3132,2283,2739,2534,3378,3343,3334,3185,3434,3637,3529,3618,3416,3528,3670,3478,3525,3455,3511,3657,3561,3466,2980,3538,3443,3341,3002,2876,3649,3618,3602,3400,3109,3366,3159,3332,3287,3085,3405,3268,3194,2813,2985,3340,2885,3191,3249,2995,3214,3212,2772,2583,3375,3386,3361,3292
3093,3342,3027,3321,3018,3171,3191,2726,3015,2687,2989,3325,2950,3140,2958,2896,3137,2163,2732,2542,3376,3353,3333,3179,3434,3637,3529,3618,3416,3530,3673,3479,3528,3464,3505,3656,3558,3456,2946,3527,3450,3335,2997,2870,3649,3612,3604,3403,3109,3366,3159,3332,3287,3080,3404,3270,3193,2802,2980,3340,2891,3192,3244,2997,3213,3215,2764,2580,3380,3384,3372,3292
3100,3342,3024,3320,3012,3169,3195,2737,3014,2691,2981,3327,2955,3136,2970,2902,3132,2163,2732,2542,3376,3353,3333,3179,3445,3640,3528,3614,3429,3536,3673,3481,3524,3449,3505,3658,3552,3440,2936,3513,3432,3335,2997,2870,3649,3612,3604,3403,3110,3368,3163,3350,3282,3084,3407,3262,3192,2810,2981,3334,2892,3199,3243,2998,3215,3215,2764,2580,3380,3384,3372,3292
3099,3334,3024,3316,3016,3167,3204,2732,3011,2691,2981,3327,2955,3136,2970,2902,3132,2278,2697,2536,3375,3354,3346,3177,3450,3646,3528,3616,3431,3539,3678,3485,3526,3449,3505,3658,3552,3440,2936,3513,3432,3336,2996,2862,3647,3622,3596,3405,3112,3356,3166,3350,3277,3083,3400,3252,3197,2810,2981,3334,2892,3199,3243,2998,3215,3206,2767,2582,3380,3382,3372,3292
3088,3334,3024,3316,3016,3167,3204,2732,3011,2688,2991,3328,2954,3135,2969,2895,3125,2284,2737,2537,3374,3355,3343,3183,3448,3646,3528,3616,3431,3539,3678,3485,3526,3462,3502,3658,3550,3450,2923,3511,3433,3338,2996,2862,3656,3620,3602,3410,3111,3356,3166,3350,3277,3083,3400,3252,3197,2811,2982,3333,2890,3196,3245,2994,3219,3208,2769,2582,3375,3379,3371,3286
3088,3324,3025,3323,3012,3173,3194,2741,3013,2691,2986,3315,2946,3141,2970,2899,3135,2289,2729,2532,3374,3355,3343,3183,3448,3639,3532,3620,3430,3544,3676,3482,3523,3468,3505,3655,3541,3447,2910,3508,3440,3342,2986,2866,3649,3620,3602,3410,3111,3363,3165,3347,3289,3085,3409,3271,3195,2808,2981,3330,2891,3199,3250,2994,3210,3210,2765,2583,3378,3379,3371,3286
3094,3333,3027,3324,3016,3175,3205,2738,3014,2692,2988,3310,2957,3141,2970,2899,3135,2289,2729,2532,3374,3355,3344,3186,3441,3639,3534,3616,3433,3540,3680,3475,3520,3456,3504,3656,3552,3447,2910,3508,3440,3342,2986,2866,3649,3618,3601,3410,3113,3364,3166,3341,3285,3084,3405,3270,3192,2799,2984,3336,2886,3199,3250,2994,3210,3210,2765,2583,3378,3380,3368,3295
3096,3327,3032,3318,3013,3175,3205,2738,3014,2692,2988,3310,2957,3134,2970,2898,3122,2286,2731,2540,3374,3354,3331,3188,3444,3643,3529,3620,3434,3540,3680,3475,3520,3456,3504,3656,3552,3453,2896,3516,3432,3337,2992,2863,3653,3620,3604,3409,3110,3369,3155,3347,3288,3084,3405,3270,3192,2799,2984,3336,2886,3195,3248,2953,3212,3209,2772,2578,3381,3384,3363,3292
3096,3327,3032,3318,3013,3172,3189,2732,3020,2672,2986,3329,2952,3131,2929,2890,3138,2267,2730,2533,3370,3359,3332,3187,3444,3643,3529,3620,3434,3540,3675,3472,3524,3463,3506,3655,3546,3441,2877,3519,3432,3331,2989,2861,3650,3625,3598,3404,3110,3369,3155,3347,3288,3086,3408,3272,3193,2807,2981,3339,2888,3191,3246,2993,3216,3208,2771,2584,3380,3377,3367,3286
3088,3339,3027,3328,3015,3176,3194,2741,3011,2688,2980,3328,2950,3134,2967,2900,3135,2267,2730,2533,3370,3359,3332,3187,3446,3639,3530,3626,3440,3536,3672,3489,3518,3464,3506,3653,3542,3443,2848,3513,3434,3331,2989,2861,3650,3625,3598,3404,3112,3365,3163,3348,3288,3089,3400,3268,3197,2804,2982,3336,2884,3199,3244,2996,3215,3208,2771,2584,3380,3377,3367,3286
3091,3332,3021,3327,3003,3166,3195,2736,3007,2688,2980,3328,2950,3134,2967,2900,3135,2286,2732,2537,3375,3358,3344,3191,3446,3642,3538,3621,3443,3542,3669,3495,3526,3464,3506,3653,3542,3443,2848,3513,3434,3333,2998,2863,3647,3621,3601,3405,3108,3360,3161,3350,3286,3089,3402,3274,3189,2804,2982,3336,2884,3199,3244,2996,3215,3211,2770,2583,3381,3387,3373,3290
3094,3332,3021,3327,3003,3166,3195,2736,3007,2681,2985,3330,2955,3132,2971,2880,3137,2270,2736,2532,3376,3345,3344,3185,3441,3642,3538,3621,3443,3542,3669,3495,3526,3462,3504,3653,3542,3431,2826,3514,3423,3342,2990,2862,3653,3621,3600,3408,3112,3360,3161,3350,3286,3089,3402,3274,3189,2811,2983,3333,2889,3192,3247,2990,3211,3212,2768,2581,3375,3378,3370,3291
3094,3326,3020,3323,3014,3173,3203,2729,3017,2692,2986,3324,2953,3128,2975,2898,3136,2291,2733,2533,3383,3345,3344,3185,3441,3645,3529,3620,3439,3532,3682,3490,3528,3457,3506,3647,3552,3434,2804,3514,3417,3354,2997,2865,3652,3621,3600,3408,3112,3361,3167,3351,3283,3089,3409,3260,3192,2801,2979,3333,2892,3169,3245,2991,3217,3213,2770,2583,3379,3378,3370,3291
3099,3334,3029,3323,3017,3170,3183,2742,3017,2692,2988,3330,2946,3128,2975,2898,3136,2291,2733,2533,3383,3356,3340,3120,3447,3642,3529,3599,3440,3534,3679,3499,3524,3452,3502,3653,3536,3434,2804,3514,3417,3354,2997,2865,3652,3625,3598,3414,3104,3367,3159,3348,3287,3086,3398,3270,3196,2807,2983,3334,2891,3169,3245,2991,3217,3213,2770,2583,3379,3378,3368,3289
3099,3334,3019,3331,3014,3170,3183,2742,3017,2692,2988,3330,2946,3136,2970,2901,3136,2285,2738,2534,3378,3352,3348,3182,3450,3643,3533,3627,3452,3534,3679,3499,3524,3452,3502,3653,3536,3434,2783,3499,3426,3355,2970,2858,3653,3626,3594,3404,3106,3366,3162,3346,3283,3086,3398,3270,3196,2807,2983,3334,2891,3191,3247,2998,3211,3214,2770,2575,3381,3379,3346,3292
3099,3334,3019,3331,3014,3170,3203,2726,3006,2692,2978,3323,2950,3138,2960,2898,3133,2290,2728,2534,3375,3336,3342,3188,3450,3643,3533,3627,3452,3540,3679,3500,3524,3454,3502,3653,3533,3426,2774,3488,3411,3363,2986,2850,3650,3622,3593,3414,3106,3366,3162,3346,3283,3089,3410,3272,3198,2807,2982,3335,2888,3194,3248,2992,3217,3210,2772,2582,3379,3383,3372,3290
