ff_e1,ff_e2,ff_e3,ff_e4,ff_e5,ff_e6,ff_e7,ff_e8,ff_e9,ff_e10,ff_e11,ff_e12,ff_e13,ff_e14,ff_e15,ff_e16,ff_e17,ff_e18,ff_e19,ff_e20,ff_e21,ff_e22,ff_e23,ff_e24
3423,3638,3490,3603,3398,3507,3680,3515,3537,3459,3539,3688,3604,3532,3412,3587,3546,3489,3038,2914,3675,3641,3657,3472
3428,3638,3498,3599,3392,3504,3675,3510,3535,3459,3539,3687,3601,3524,3416,3593,3554,3491,3038,2914,3675,3641,3657,3472
3427,3647,3494,3598,3397,3509,3668,3513,3539,3458,3537,3687,3601,3524,3416,3593,3554,3491,3038,2909,3676,3635,3656,3475
3426,3643,3495,3598,3397,3509,3668,3513,3539,3458,3537,3669,3600,3528,3415,3585,3546,3478,3037,2909,3678,3641,3660,3461
3426,3643,3495,3594,3408,3507,3667,3513,3540,3455,3532,3691,3602,3532,3416,3583,3548,3486,3041,2916,3667,3637,3653,3461
3425,3640,3497,3603,3410,3505,3668,3515,3536,3458,3538,3681,3607,3526,3414,3583,3548,3486,3041,2916,3667,3637,3653,3480
3432,3646,3498,3600,3408,3507,3676,3515,3536,3458,3538,3681,3607,3526,3414,3583,3535,3494,3045,2914,3678,3635,3643,3475
3432,3646,3498,3600,3408,3507,3676,3512,3539,3462,3534,3683,3602,3528,3413,3582,3552,3491,3040,2913,3672,3630,3653,3476
3426,3643,3498,3602,3411,3506,3673,3513,3541,3451,3538,3682,3604,3524,3414,3587,3544,3488,3040,2913,3672,3630,3653,3476
3427,3643,3496,3600,3406,3508,3672,3514,3537,3457,3536,3682,3604,3524,3414,3587,3544,3488,3040,2904,3672,3631,3630,3475
3428,3640,3502,3600,3406,3508,3672,3514,3537,3457,3536,3686,3610,3522,3417,3586,3545,3490,3036,2913,3674,3637,3649,3472
3428,3640,3502,3604,3407,3512,3675,3518,3524,3464,3534,3686,3602,3523,3410,3585,3546,3489,3035,2914,3671,3625,3653,3472
3434,3635,3495,3593,3407,3509,3674,3514,3533,3462,3537,3684,3609,3525,3408,3585,3546,3489,3035,2914,3671,3625,3653,3471
3427,3645,3497,3608,3409,3508,3670,3514,3533,3462,3537,3684,3609,3525,3408,3589,3552,3494,3042,2913,3672,3638,3651,3472
3427,3645,3497,3608,3409,3508,3670,3509,3537,3467,3538,3683,3598,3514,3408,3586,3549,3497,3035,2912,3677,3633,3650,3462
3430,3644,3503,3604,3408,3516,3666,3519,3537,3466,3533,3681,3596,3521,3404,3584,3546,3497,3040,2912,3677,3633,3650,3462
3433,3646,3512,3606,3408,3519,3671,3510,3540,3466,3535,3681,3596,3521,3404,3584,3546,3497,3040,2912,3668,3633,3653,3469
3430,3647,3512,3606,3408,3519,3671,3510,3540,3466,3535,3678,3594,3511,3400,3583,3545,3488,3042,2914,3672,3636,3652,3466
3430,3647,3512,3611,3411,3517,3674,3525,3544,3472,3530,3675,3599,3523,3397,3581,3544,3487,3040,2908,3678,3633,3652,3466
3431,3642,3513,3610,3410,3495,3675,3527,3542,3460,3531,3680,3590,3521,3400,3581,3544,3487,3040,2908,3678,3633,3652,3458
3433,3643,3511,3607,3413,3532,3677,3527,3542,3460,3531,3680,3590,3521,3400,3574,3548,3501,3030,2910,3674,3633,3647,3461
3433,3643,3511,3607,3413,3532,3677,3528,3542,3470,3536,3677,3597,3519,3399,3577,3513,3490,3040,2910,3669,3632,3647,3459
3431,3648,3513,3611,3398,3525,3678,3526,3539,3475,3528,3681,3597,3520,3387,3579,3540,3489,3038,2910,3669,3632,3647,3459
3437,3646,3515,3612,3410,3531,3679,3524,3544,3473,3530,3681,3597,3520,3387,3579,3540,3489,3038,2910,3680,3628,3647,3456
3432,3650,3518,3612,3410,3531,3679,3524,3544,3473,3530,3677,3597,3515,3390,3578,3548,3498,3039,2909,3674,3625,3644,3461
3432,3650,3518,3609,3410,3530,3679,3528,3543,3470,3530,3680,3598,3517,3390,3577,3548,3499,3040,2906,3666,3632,3641,3461
3440,3646,3516,3615,3416,3538,3682,3520,3545,3477,3524,3679,3592,3515,3396,3577,3548,3499,3040,2906,3666,3632,3641,3459
3434,3646,3529,3609,3409,3538,3685,3520,3545,3477,3524,3679,3592,3515,3396,3583,3535,3500,3040,2906,3653,3635,3643,3461
3434,3646,3529,3609,3409,3538,3685,3523,3544,3472,3530,3684,3592,3522,3382,3579,3540,3494,3037,2909,3672,3627,3643,3460
3450,3648,3526,3614,3412,3534,3680,3534,3544,3478,3529,3679,3587,3516,3390,3571,3540,3499,3035,2909,3672,3627,3643,3460
3441,3646,3522,3618,3408,3534,3680,3528,3539,3476,3525,3679,3587,3516,3390,3571,3540,3499,3035,2897,3668,3637,3644,3445
3444,3647,3525,3618,3408,3534,3680,3528,3539,3476,3525,3680,3588,3512,3394,3573,3541,3493,3038,2903,3675,3637,3645,3458
3444,3647,3525,3617,3418,3537,3688,3531,3542,3479,3527,3684,3593,3513,3385,3574,3539,3500,3029,2907,3673,3639,3635,3458
3443,3654,3528,3617,3419,3544,3689,3532,3547,3478,3524,3676,3590,3509,3389,3574,3539,3500,3029,2907,3673,3639,3635,3453
3444,3652,3529,3618,3419,3538,3683,3532,3547,3478,3524,3676,3590,3509,3389,3572,3533,3496,3033,2902,3667,3634,3640,3449
3444,3652,3529,3618,3419,3538,3683,3531,3553,3476,3528,3680,3587,3513,3386,3563,3546,3493,3015,2908,3671,3638,3637,3443
3450,3648,3531,3621,3413,3536,3686,3526,3550,3474,3524,3676,3585,3513,3382,3564,3540,3498,3037,2908,3671,3638,3637,3443
3448,3652,3534,3619,3414,3540,3684,3532,3547,3475,3525,3676,3585,3513,3382,3564,3540,3498,3037,2906,3673,3634,3633,3447
3443,3656,3533,3619,3414,3540,3684,3532,3547,3475,3525,3682,3589,3514,3384,3570,3536,3492,3038,2905,3665,3632,3646,3442
3443,3656,3533,3611,3414,3524,3686,3533,3550,3477,3520,3671,3592,3521,3381,3572,3542,3496,3037,2906,3669,3636,3642,3442
3440,3654,3529,3616,3419,3540,3686,3527,3545,3474,3524,3682,3590,3517,3382,3572,3542,3496,3037,2906,3669,3636,3642,3450
3443,3641,3532,3618,3407,3541,3691,3527,3545,3474,3524,3682,3590,3517,3382,3566,3538,3492,3033,2900,3670,3624,3641,3453
3443,3641,3532,3618,3407,3541,3691,3515,3554,3481,3531,3680,3591,3507,3378,3570,3538,3493,3037,2902,3680,3634,3640,3451
3444,3649,3537,3618,3417,3542,3690,3524,3543,3468,3528,3682,3595,3510,3380,3573,3537,3492,3037,2902,3680,3634,3640,3451
3440,3641,3531,3613,3408,3548,3684,3525,3549,3477,3528,3682,3595,3510,3380,3573,3537,3492,3037,2904,3668,3637,3641,3448
3444,3646,3532,3613,3408,3548,3684,3525,3549,3477,3528,3684,3590,3506,3382,3568,3537,3494,3041,2887,3677,3631,3645,3446
3444,3646,3532,3618,3408,3536,3686,3531,3541,3480,3526,3668,3588,3518,3370,3571,3539,3497,3037,2900,3666,3633,3638,3446
3444,3643,3530,3622,3408,3546,3688,3526,3547,3480,3526,3673,3589,3514,3384,3571,3539,3497,3037,2900,3666,3633,3638,3448
3438,3654,3534,3618,3400,3542,3684,3526,3547,3480,3526,3673,3589,3514,3384,3571,3538,3489,3034,2904,3668,3631,3640,3444
3438,3654,3534,3618,3400,3542,3684,3522,3548,3482,3525,3679,3590,3510,3379,3569,3544,3492,3032,2904,3668,3632,3646,3435
3446,3647,3530,3625,3406,3544,3686,3526,3546,3479,3531,3678,3590,3515,3381,3571,3531,3488,3032,2904,3668,3632,3646,3435
3445,3648,3535,3620,3400,3543,3685,3532,3545,3486,3526,3678,3590,3515,3381,3571,3531,3488,3032,2904,3668,3631,3643,3438
3445,3650,3534,3620,3400,3543,3685,3532,3545,3486,3526,3675,3590,3515,3380,3570,3541,3490,3034,2905,3670,3625,3633,3450
3445,3650,3534,3616,3408,3546,3688,3532,3548,3477,3530,3684,3592,3512,3376,3574,3539,3494,3034,2903,3669,3630,3632,3450
3446,3649,3537,3618,3398,3539,3682,3527,3554,3481,3503,3679,3583,3523,3383,3574,3539,3494,3034,2903,3669,3630,3632,3448
3450,3651,3533,3626,3408,3549,3690,3527,3554,3481,3503,3679,3583,3523,3383,3569,3534,3492,3036,2903,3662,3637,3640,3446
3450,3651,3533,3626,3408,3549,3690,3526,3552,3485,3525,3681,3586,3515,3377,3554,3536,3493,3037,2902,3669,3618,3643,3451
3450,3646,3533,3626,3403,3547,3686,3519,3544,3482,3525,3684,3588,3510,3375,3570,3539,3493,3038,2902,3669,3618,3643,3451
3445,3653,3539,3630,3409,3552,3692,3528,3555,3482,3524,3684,3588,3510,3375,3570,3539,3493,3038,2906,3668,3635,3636,3446
3448,3650,3536,3630,3409,3552,3692,3528,3555,3482,3524,3682,3590,3512,3367,3565,3538,3490,3032,2898,3664,3637,3638,3446
3448,3650,3536,3625,3409,3548,3683,3528,3551,3479,3528,3677,3598,3502,3373,3562,3540,3497,3040,2898,3670,3632,3639,3446
3444,3657,3537,3620,3415,3553,3690,3533,3556,3479,3527,3676,3583,3502,3368,3562,3540,3497,3040,2898,3670,3632,3639,3450
3447,3646,3538,3623,3417,3554,3692,3533,3556,3479,3527,3676,3583,3502,3368,3566,3531,3501,3034,2898,3674,3632,3646,3444
3447,3646,3538,3623,3417,3554,3692,3509,3554,3488,3525,3672,3583,3507,3364,3565,3541,3484,3028,2903,3667,3633,3644,3444
3448,3650,3541,3628,3419,3550,3686,3534,3550,3491,3522,3679,3578,3504,3370,3562,3528,3484,3035,2903,3667,3633,3644,3444
3446,3649,3547,3625,3421,3555,3690,3528,3551,3491,3523,3679,3578,3504,3370,3562,3528,3484,3035,2897,3670,3629,3643,3447
3444,3651,3544,3625,3421,3555,3690,3528,3551,3491,3523,3675,3585,3506,3365,3563,3530,3488,3036,2902,3668,3634,3634,3435
3444,3651,3544,3630,3422,3544,3694,3532,3550,3492,3523,3661,3580,3509,3363,3555,3530,3485,3026,2902,3668,3625,3637,3435
3451,3646,3547,3621,3422,3555,3697,3526,3549,3488,3523,3674,3582,3508,3365,3555,3530,3485,3026,2902,3668,3625,3637,3449
3446,3651,3545,3626,3414,3560,3690,3526,3549,3488,3523,3674,3582,3508,3365,3562,3534,3493,3033,2901,3673,3633,3642,3449
3446,3651,3545,3626,3414,3560,3690,3533,3551,3488,3516,3679,3583,3508,3359,3560,3530,3487,3031,2899,3670,3636,3642,3456
3445,3654,3544,3621,3422,3551,3696,3530,3551,3479,3518,3677,3584,3510,3366,3560,3539,3485,3035,2899,3670,3636,3642,3456
3443,3652,3540,3626,3424,3555,3692,3519,3550,3488,3521,3677,3584,3510,3366,3560,3539,3485,3035,2900,3670,3637,3642,3459
3442,3647,3538,3626,3424,3555,3692,3519,3550,3488,3521,3683,3584,3506,3372,3568,3537,3494,3030,2901,3673,3629,3642,3459
3442,3647,3538,3625,3424,3554,3690,3519,3547,3491,3521,3677,3581,3506,3372,3560,3525,3499,3029,2897,3674,3644,3644,3459
3442,3648,3534,3635,3426,3559,3683,3524,3552,3485,3519,3675,3581,3507,3386,3560,3525,3499,3029,2897,3674,3644,3644,3463
3444,3649,3539,3627,3429,3557,3683,3524,3552,3485,3519,3675,3581,3507,3386,3553,3537,3495,3032,2891,3665,3639,3639,3466
3444,3649,3539,3627,3429,3557,3683,3526,3552,3484,3518,3676,3580,3510,3391,3558,3535,3489,3031,2888,3667,3639,3642,3466
3437,3647,3540,3623,3429,3554,3686,3525,3553,3482,3521,3673,3580,3510,3386,3561,3532,3495,3032,2888,3667,3639,3642,3466
3444,3650,3536,3624,3431,3546,3694,3530,3550,3483,3520,3673,3580,3510,3386,3561,3532,3495,3032,2898,3675,3639,3644,3463
3440,3640,3531,3624,3431,3546,3694,3530,3550,3483,3520,3681,3585,3514,3396,3562,3537,3491,3028,2898,3670,3641,3643,3472
3440,3640,3531,3622,3429,3553,3687,3524,3547,3479,3526,3678,3583,3513,3403,3560,3536,3501,3029,2894,3669,3637,3641,3472
3439,3648,3527,3620,3429,3537,3683,3531,3542,3473,3526,3687,3587,3514,3410,3560,3536,3501,3029,2894,3669,3637,3641,3464
3436,3653,3530,3610,3426,3542,3675,3531,3542,3473,3526,3687,3587,3514,3410,3566,3536,3484,3034,2898,3673,3644,3651,3467
3436,3653,3530,3610,3426,3542,3675,3529,3544,3472,3525,3674,3587,3521,3406,3562,3539,3497,3036,2896,3677,3637,3650,3476
3448,3654,3528,3620,3437,3540,3682,3523,3548,3470,3522,3681,3584,3519,3410,3558,3532,3498,3032,2896,3677,3637,3650,3476
3444,3651,3520,3620,3434,3544,3682,3524,3550,3466,3524,3681,3584,3519,3410,3558,3532,3498,3032,2896,3672,3645,3652,3469
3444,3655,3529,3620,3434,3544,3682,3524,3550,3466,3524,3673,3587,3513,3418,3558,3533,3495,3034,2897,3674,3650,3648,3475
3444,3655,3529,3621,3433,3540,3685,3521,3543,3458,3526,3677,3583,3508,3406,3557,3538,3492,3030,2889,3665,3649,3639,3475
3445,3649,3528,3620,3432,3544,3687,3518,3538,3470,3522,3684,3584,3508,3399,3557,3538,3492,3030,2889,3665,3649,3639,3481
3446,3650,3532,3622,3430,3543,3684,3518,3538,3470,3522,3684,3584,3508,3399,3565,3533,3491,3032,2896,3674,3642,3646,3479
3446,3650,3532,3622,3430,3543,3684,3525,3534,3480,3524,3677,3583,3511,3394,3553,3537,3495,3034,2894,3668,3637,3648,3475
3453,3653,3519,3627,3428,3544,3686,3528,3541,3476,3525,3678,3578,3510,3399,3558,3535,3496,3025,2894,3668,3637,3648,3475
3451,3647,3531,3631,3426,3551,3684,3511,3545,3473,3526,3678,3578,3510,3399,3558,3535,3496,3025,2891,3674,3643,3646,3475
3452,3652,3537,3631,3426,3551,3684,3511,3545,3473,3526,3675,3581,3509,3405,3561,3539,3482,3029,2894,3677,3645,3648,3476
3452,3652,3537,3626,3426,3546,3685,3517,3549,3476,3525,3678,3584,3506,3397,3558,3534,3497,3035,2891,3673,3643,3644,3476
3451,3658,3535,3627,3425,3546,3674,3526,3544,3478,3522,3679,3566,3510,3402,3558,3534,3497,3035,2891,3673,3643,3644,3468
3456,3650,3536,3629,3427,3543,3686,3526,3544,3478,3522,3679,3566,3510,3402,3554,3533,3494,3028,2890,3674,3648,3650,3449
3456,3650,3536,3629,3427,3543,3686,3520,3547,3472,3522,3678,3581,3517,3396,3561,3534,3498,3028,2892,3676,3643,3647,3479
3459,3654,3536,3635,3423,3547,3684,3523,3546,3472,3524,3670,3578,3514,3399,3565,3534,3486,3031,2892,3676,3643,3647,3479
3452,3656,3534,3622,3416,3548,3678,3522,3544,3470,3520,3670,3578,3514,3399,3565,3534,3486,3031,2894,3674,3647,3645,3473
3452,3657,3533,3622,3416,3548,3678,3522,3544,3470,3520,3681,3581,3516,3391,3556,3534,3492,3032,2895,3679,3645,3650,3469
3452,3657,3533,3627,3422,3541,3683,3526,3534,3469,3518,3680,3583,3514,3391,3566,3541,3488,3033,2897,3681,3643,3641,3469
3450,3654,3533,3633,3422,3545,3685,3518,3540,3476,3530,3678,3584,3511,3386,3566,3541,3488,3033,2897,3681,3643,3641,3472
3453,3643,3531,3623,3419,3544,3681,3518,3540,3476,3530,3678,3584,3511,3386,3554,3536,3493,3031,2900,3677,3633,3645,3474
3453,3643,3531,3623,3419,3544,3681,3515,3548,3464,3529,3682,3584,3503,3382,3568,3532,3493,3037,2897,3678,3640,3650,3474
3448,3654,3534,3620,3425,3539,3680,3519,3550,3469,3528,3681,3590,3509,3382,3576,3543,3487,3036,2897,3678,3640,3650,3474
3450,3656,3523,3628,3420,3542,3682,3519,3536,3477,3528,3681,3590,3509,3382,3576,3543,3487,3036,2900,3667,3646,3648,3476
3449,3646,3528,3628,3420,3542,3682,3519,3536,3477,3528,3680,3593,3513,3375,3579,3539,3489,3030,2896,3674,3637,3648,3473
3449,3646,3528,3624,3424,3539,3682,3515,3545,3468,3532,3689,3589,3504,3370,3569,3537,3482,3035,2894,3670,3643,3646,3473
3446,3654,3508,3626,3415,3541,3677,3505,3546,3480,3530,3680,3587,3506,3374,3569,3537,3482,3035,2894,3670,3643,3646,3460
3457,3653,3536,3626,3411,3547,3683,3505,3546,3480,3530,3680,3587,3506,3374,3570,3534,3486,3031,2897,3674,3643,3646,3464
3457,3653,3536,3626,3411,3547,3683,3511,3544,3481,3532,3678,3586,3512,3368,3566,3530,3482,3033,2892,3676,3644,3645,3465
3455,3652,3539,3626,3414,3553,3680,3516,3537,3478,3527,3674,3578,3503,3369,3565,3538,3493,3024,2892,3676,3644,3645,3465
3458,3661,3537,3628,3412,3537,3685,3511,3542,3479,3522,3674,3578,3503,3369,3565,3538,3493,3024,2896,3678,3640,3649,3470
3465,3660,3539,3628,3412,3537,3685,3511,3542,3479,3522,3666,3583,3513,3374,3554,3532,3485,3025,2896,3675,3638,3647,3468
3465,3660,3539,3625,3407,3547,3679,3513,3544,3466,3524,3683,3580,3511,3380,3557,3533,3485,3025,2895,3676,3645,3648,3468
3465,3658,3540,3625,3403,3547,3679,3516,3540,3468,3518,3684,3581,3513,3376,3557,3533,3485,3025,2895,3676,3645,3648,3470
3456,3660,3542,3626,3419,3549,3682,3516,3540,3468,3518,3684,3581,3513,3376,3559,3529,3474,3029,2895,3675,3648,3648,3477
3456,3660,3542,3626,3419,3549,3682,3511,3536,3471,3526,3680,3582,3511,3380,3563,3534,3484,3034,2897,3675,3641,3647,3477
3457,3659,3535,3611,3421,3542,3680,3500,3539,3465,3524,3681,3584,3507,3375,3563,3530,3488,3033,2897,3675,3641,3647,3477
3456,3656,3536,3628,3421,3547,3677,3512,3540,3467,3525,3681,3584,3507,3375,3563,3530,3488,3033,2889,3674,3645,3638,3477
3456,3658,3527,3628,3421,3547,3677,3512,3540,3467,3525,3682,3586,3510,3384,3564,3534,3485,3035,2894,3677,3650,3649,3481
3456,3658,3527,3625,3421,3546,3674,3512,3539,3462,3523,3681,3576,3509,3384,3562,3538,3484,3023,2894,3675,3644,3646,3481
3462,3647,3535,3620,3421,3547,3690,3504,3536,3472,3526,3681,3582,3509,3377,3562,3538,3484,3023,2894,3675,3644,3646,3476
3455,3648,3536,3631,3418,3547,3679,3504,3536,3472,3526,3681,3582,3509,3377,3558,3539,3492,3030,2896,3674,3644,3647,3473
3455,3648,3536,3631,3418,3547,3679,3504,3541,3475,3524,3675,3582,3514,3375,3561,3531,3489,3030,2877,3681,3648,3646,3473
3452,3654,3537,3627,3420,3546,3677,3518,3538,3470,3528,3672,3584,3510,3377,3560,3538,3492,3036,2877,3681,3648,3646,3473
3448,3646,3535,3626,3410,3550,3685,3506,3544,3471,3525,3672,3584,3510,3377,3560,3538,3492,3036,2896,3679,3646,3646,3472
3450,3652,3532,3626,3410,3550,3685,3506,3544,3471,3525,3676,3581,3500,3377,3562,3539,3492,3027,2898,3677,3643,3648,3474
3450,3652,3532,3623,3424,3550,3680,3517,3541,3473,3521,3682,3582,3508,3375,3564,3535,3460,3033,2896,3680,3635,3650,3474
3452,3659,3533,3616,3420,3547,3678,3519,3543,3469,3520,3682,3573,3516,3376,3564,3535,3460,3033,2896,3680,3635,3650,3477
3456,3654,3538,3622,3427,3548,3688,3519,3543,3469,3520,3682,3573,3516,3376,3557,3538,3487,3031,2898,3672,3649,3647,3469
3456,3654,3538,3622,3427,3548,3688,3518,3542,3472,3526,3678,3580,3508,3380,3557,3522,3496,3028,2897,3672,3647,3645,3475
3455,3658,3531,3624,3419,3555,3684,3524,3545,3482,3519,3679,3581,3510,3382,3553,3526,3492,3031,2897,3672,3647,3645,3475
3451,3661,3535,3626,3423,3549,3682,3521,3545,3481,3524,3679,3581,3510,3382,3553,3526,3492,3031,2897,3670,3634,3640,3470
3450,3651,3537,3626,3423,3549,3682,3521,3545,3481,3524,3682,3583,3507,3371,3551,3532,3497,3032,2896,3669,3638,3647,3476
3450,3651,3537,3620,3430,3550,3682,3520,3547,3467,3522,3681,3583,3510,3374,3556,3543,3492,3032,2894,3673,3644,3644,3476
3450,3652,3532,3625,3421,3546,3684,3520,3546,3476,3519,3673,3552,3510,3367,3556,3543,3492,3032,2894,3673,3644,3644,3478
3444,3649,3541,3618,3423,3550,3686,3520,3546,3476,3519,3673,3552,3510,3367,3560,3535,3489,3034,2904,3676,3635,3643,3475
3444,3649,3541,3618,3423,3550,3686,3494,3543,3465,3520,3681,3587,3510,3361,3562,3536,3486,3034,2901,3675,3644,3644,3474
3453,3640,3535,3626,3424,3549,3682,3504,3545,3483,3519,3680,3588,3503,3363,3564,3538,3477,3035,2901,3675,3644,3644,3474
3456,3649,3537,3625,3427,3549,3681,3515,3542,3480,3521,3680,3588,3503,3363,3564,3538,3477,3035,2900,3674,3646,3646,3469
3456,3652,3546,3625,3427,3549,3681,3515,3542,3480,3521,3670,3576,3507,3368,3569,3536,3488,3036,2897,3671,3645,3646,3474
3456,3652,3546,3625,3424,3551,3675,3523,3545,3481,3522,3675,3572,3500,3369,3562,3529,3485,3032,2899,3672,3645,3637,3474
3448,3663,3541,3627,3430,3544,3682,3520,3545,3481,3515,3672,3576,3505,3370,3562,3529,3485,3032,2899,3672,3645,3637,3476
3453,3653,3540,3621,3424,3548,3690,3520,3545,3481,3515,3672,3576,3505,3370,3562,3532,3487,3034,2896,3672,3643,3643,3463
3453,3653,3540,3621,3424,3548,3690,3518,3549,3482,3518,3667,3576,3508,3374,3561,3535,3485,3030,2898,3669,3646,3644,3480
3458,3656,3541,3628,3424,3548,3686,3520,3545,3482,3522,3677,3576,3509,3375,3552,3533,3488,3032,2898,3669,3646,3644,3480
3457,3657,3538,3623,3424,3547,3685,3522,3540,3479,3519,3677,3576,3509,3375,3552,3533,3488,3032,2895,3673,3640,3648,3481
3460,3655,3548,3623,3424,3547,3685,3522,3540,3479,3519,3668,3578,3508,3377,3556,3532,3482,3034,2896,3677,3644,3639,3478
3460,3655,3548,3625,3419,3554,3685,3518,3544,3479,3524,3674,3578,3508,3384,3564,3539,3490,3034,2897,3670,3629,3643,3478
3458,3657,3538,3617,3421,3555,3684,3513,3542,3475,3524,3685,3577,3514,3385,3564,3539,3490,3034,2897,3670,3629,3643,3482
3460,3653,3540,3625,3421,3550,3683,3513,3542,3475,3524,3685,3577,3514,3385,3540,3536,3490,3029,2894,3672,3640,3633,3481
3460,3653,3540,3625,3421,3550,3683,3514,3539,3480,3520,3683,3579,3506,3388,3564,3535,3500,3032,2893,3679,3636,3650,3484
3455,3654,3537,3620,3424,3550,3686,3519,3544,3478,3523,3682,3582,3512,3385,3558,3539,3492,3036,2893,3679,3636,3650,3484
3454,3654,3537,3621,3428,3551,3678,3521,3550,3484,3521,3682,3582,3512,3385,3558,3539,3492,3036,2900,3673,3638,3646,3483
3454,3653,3534,3621,3428,3551,3678,3521,3550,3484,3521,3678,3577,3481,3393,3564,3537,3497,3032,2891,3666,3637,3646,3469
3454,3653,3534,3621,3419,3546,3686,3525,3541,3479,3522,3677,3579,3505,3394,3562,3538,3494,3033,2892,3670,3642,3651,3469
3461,3654,3539,3622,3422,3554,3686,3517,3547,3478,3526,3678,3570,3510,3389,3562,3538,3494,3033,2892,3670,3642,3651,3475
3452,3652,3540,3619,3418,3552,3680,3517,3547,3478,3526,3678,3570,3510,3389,3560,3538,3493,3032,2901,3672,3640,3645,3477
3452,3652,3540,3619,3418,3552,3680,3525,3550,3475,3527,3668,3580,3514,3388,3570,3546,3486,3031,2897,3671,3634,3647,3476
3459,3647,3542,3622,3419,3553,3678,3522,3550,3483,3525,3667,3582,3518,3387,3560,3537,3486,3035,2897,3671,3634,3647,3476
3456,3657,3537,3624,3419,3546,3690,3520,3543,3480,3526,3667,3582,3518,3387,3560,3537,3486,3035,2898,3669,3637,3643,3475
3458,3650,3540,3624,3419,3546,3690,3520,3543,3480,3526,3671,3584,3514,3385,3559,3532,3493,3030,2898,3669,3632,3637,3477
3458,3650,3540,3626,3415,3552,3685,3519,3554,3476,3532,3678,3583,3510,3376,3568,3533,3486,3038,2901,3669,3630,3635,3477
3457,3650,3544,3620,3422,3561,3685,3522,3550,3484,3523,3684,3587,3508,3374,3568,3533,3486,3038,2901,3669,3630,3635,3460
3458,3652,3538,3606,3417,3554,3690,3522,3550,3484,3523,3684,3587,3508,3374,3561,3534,3496,3038,2901,3675,3633,3645,3474
3458,3652,3538,3606,3417,3554,3690,3521,3552,3463,3531,3677,3596,3503,3368,3574,3530,3492,3035,2894,3665,3630,3633,3471
3453,3652,3538,3616,3426,3548,3684,3515,3551,3474,3534,3682,3589,3515,3369,3566,3536,3496,3035,2894,3665,3630,3633,3471
3457,3656,3532,3624,3420,3557,3684,3521,3534,3483,3534,3682,3589,3515,3369,3566,3536,3496,3035,2898,3674,3629,3642,3474
3459,3654,3536,3624,3420,3557,3684,3521,3534,3483,3534,3687,3587,3515,3365,3570,3542,3491,3026,2901,3666,3626,3640,3468
3459,3654,3536,3630,3423,3551,3680,3511,3545,3474,3540,3681,3589,3507,3366,3569,3541,3494,3035,2903,3668,3636,3644,3468
3458,3644,3539,3620,3427,3549,3684,3516,3543,3481,3535,3677,3594,3513,3355,3569,3541,3494,3035,2903,3668,3636,3644,3470
3458,3646,3541,3620,3420,3544,3677,3516,3543,3481,3535,3677,3594,3513,3355,3572,3539,3490,3034,2900,3669,3635,3640,3471
3458,3646,3541,3620,3420,3544,3677,3515,3546,3475,3538,3675,3597,3509,3361,3579,3537,3482,3027,2904,3662,3636,3645,3468
3460,3656,3543,3626,3422,3548,3690,3510,3543,3482,3536,3686,3591,3515,3358,3583,3530,3494,3037,2904,3662,3636,3645,3468
3453,3659,3542,3619,3416,3547,3684,3526,3543,3473,3540,3686,3591,3515,3358,3583,3530,3494,3037,2897,3671,3633,3646,3472
3459,3659,3540,3619,3416,3547,3684,3526,3543,3473,3540,3688,3598,3514,3359,3578,3537,3496,3035,2905,3667,3635,3641,3452
3459,3659,3540,3608,3411,3549,3678,3523,3550,3471,3541,3685,3590,3515,3360,3581,3538,3486,3035,2907,3669,3626,3640,3452
3459,3652,3540,3620,3405,3547,3686,3522,3546,3472,3544,3686,3595,3518,3366,3581,3538,3486,3035,2907,3669,3626,3640,3458
3467,3656,3545,3624,3405,3552,3682,3522,3546,3472,3544,3686,3595,3518,3366,3572,3543,3491,3033,2903,3666,3626,3634,3461
3467,3656,3545,3624,3405,3552,3682,3523,3542,3482,3540,3683,3596,3514,3370,3576,3537,3488,3032,2901,3651,3619,3640,3455
3465,3653,3543,3616,3406,3554,3684,3518,3547,3473,3541,3680,3596,3512,3365,3565,3539,3492,3037,2901,3651,3619,3640,3455
3465,3646,3544,3622,3401,3554,3685,3523,3545,3472,3542,3680,3596,3512,3365,3565,3539,3492,3037,2873,3664,3621,3642,3461
3470,3652,3557,3622,3401,3554,3685,3523,3545,3472,3542,3681,3592,3508,3371,3572,3536,3497,3030,2896,3664,3626,3633,3462
3470,3652,3557,3618,3405,3555,3682,3519,3544,3478,3536,3687,3590,3508,3375,3574,3536,3491,3036,2898,3669,3617,3637,3462
3465,3651,3548,3614,3407,3557,3688,3526,3533,3482,3544,3686,3595,3513,3371,3574,3536,3491,3036,2898,3669,3617,3637,3461
3464,3654,3543,3618,3408,3555,3675,3526,3533,3482,3544,3686,3595,3513,3371,3565,3542,3491,3039,2901,3664,3621,3647,3458
3464,3654,3543,3618,3408,3555,3675,3533,3543,3481,3545,3688,3592,3500,3381,3574,3541,3496,3033,2888,3665,3623,3641,3455
3465,3647,3541,3621,3402,3552,3682,3519,3551,3474,3549,3662,3598,3517,3385,3574,3539,3488,3033,2888,3665,3623,3641,3455
3470,3656,3544,3614,3407,3548,3686,3521,3550,3481,3544,3662,3598,3517,3385,3574,3539,3488,3033,2900,3670,3623,3634,3457
3466,3654,3545,3614,3407,3548,3686,3521,3550,3481,3544,3681,3584,3518,3390,3572,3545,3491,3026,2901,3664,3625,3644,3460
3466,3654,3545,3618,3410,3554,3667,3525,3550,3472,3545,3681,3599,3521,3390,3577,3536,3494,3037,2899,3671,3626,3644,3460
3468,3648,3548,3621,3401,3551,3686,3524,3546,3466,3540,3680,3595,3515,3387,3577,3536,3494,3037,2899,3671,3626,3644,3459
3461,3653,3538,3616,3405,3551,3682,3524,3546,3466,3540,3680,3595,3515,3387,3568,3544,3490,3034,2904,3664,3627,3642,3454
3461,3653,3538,3616,3405,3551,3682,3524,3544,3470,3547,3683,3596,3518,3394,3571,3537,3491,3037,2904,3670,3622,3642,3460
3458,3651,3544,3613,3372,3553,3682,3519,3549,3477,3539,3687,3596,3518,3384,3574,3543,3488,3034,2904,3670,3622,3642,3460
3454,3652,3542,3595,3401,3544,3682,3526,3548,3471,3534,3687,3596,3518,3384,3574,3543,3488,3034,2902,3662,3626,3642,3466
3458,3650,3544,3595,3401,3544,3682,3526,3548,3471,3534,3685,3596,3518,3388,3572,3538,3488,3037,2903,3666,3625,3644,3465
3458,3650,3544,3608,3409,3555,3682,3521,3551,3472,3537,3683,3595,3508,3387,3573,3538,3494,3034,2896,3672,3622,3641,3465
3459,3655,3544,3610,3410,3554,3681,3521,3538,3480,3539,3684,3601,3509,3378,3573,3538,3494,3034,2896,3672,3622,3641,3468
3459,3649,3536,3608,3406,3549,3686,3521,3538,3480,3539,3684,3601,3509,3378,3576,3532,3491,3040,2902,3669,3623,3638,3462
3459,3649,3536,3608,3406,3549,3686,3517,3538,3469,3541,3685,3596,3514,3365,3572,3546,3492,3042,2905,3671,3637,3645,3463
3457,3649,3540,3617,3407,3557,3683,3520,3547,3483,3541,3681,3591,3519,3378,3574,3542,3495,3033,2905,3671,3637,3645,3463
3462,3639,3544,3620,3406,3542,3680,3518,3544,3478,3546,3681,3591,3519,3378,3574,3542,3495,3033,2893,3672,3628,3640,3461
3464,3650,3543,3620,3406,3542,3680,3518,3544,3478,3546,3685,3591,3507,3385,3573,3536,3489,3034,2903,3672,3626,3643,3442
3464,3650,3543,3623,3407,3553,3684,3519,3546,3476,3543,3679,3600,3516,3383,3576,3538,3486,3033,2901,3667,3630,3642,3442
3454,3657,3543,3622,3416,3552,3671,3526,3545,3476,3540,3681,3593,3524,3373,3576,3538,3486,3033,2901,3667,3630,3642,3463
3464,3647,3542,3624,3410,3550,3685,3526,3545,3476,3540,3681,3593,3524,3373,3573,3545,3484,3035,2899,3668,3631,3641,3455
3464,3647,3542,3624,3410,3550,3685,3525,3545,3478,3544,3683,3594,3516,3380,3573,3536,3493,3037,2903,3667,3627,3636,3457
3466,3660,3542,3624,3408,3547,3685,3526,3542,3478,3542,3677,3597,3513,3370,3572,3531,3486,3036,2903,3667,3627,3636,3457
3467,3657,3549,3617,3413,3550,3679,3518,3548,3480,3544,3677,3597,3513,3370,3572,3531,3486,3036,2903,3672,3624,3637,3463
3464,3658,3542,3617,3413,3550,3679,3518,3548,3480,3544,3684,3597,3512,3376,3572,3540,3489,3036,2904,3641,3629,3642,3455
3464,3658,3542,3622,3418,3549,3687,3526,3554,3477,3540,3682,3600,3514,3370,3582,3531,3471,3033,2903,3667,3625,3638,3455
3466,3656,3544,3626,3416,3554,3686,3521,3544,3470,3541,3684,3597,3510,3363,3582,3531,3471,3033,2903,3667,3625,3638,3459
3469,3653,3546,3620,3418,3554,3684,3521,3544,3470,3541,3684,3597,3510,3363,3560,3540,3487,3038,2898,3666,3625,3631,3458
3469,3653,3546,3620,3418,3554,3684,3520,3543,3473,3544,3683,3602,3510,3365,3581,3536,3490,3036,2900,3670,3629,3636,3461
3466,3657,3547,3628,3414,3553,3685,3518,3551,3480,3545,3684,3604,3513,3357,3580,3536,3492,3031,2900,3670,3629,3636,3461
3466,3661,3548,3622,3418,3548,3692,3524,3540,3480,3542,3684,3604,3513,3357,3580,3536,3492,3031,2904,3660,3633,3640,3458
3468,3650,3544,3622,3418,3548,3692,3524,3540,3480,3542,3686,3584,3506,3356,3583,3539,3484,3035,2902,3667,3624,3640,3462
3468,3650,3544,3621,3414,3547,3686,3512,3542,3478,3544,3671,3602,3511,3362,3584,3538,3484,3034,2905,3668,3633,3637,3462
3462,3647,3541,3627,3418,3548,3686,3506,3546,3476,3543,3678,3600,3515,3354,3584,3538,3484,3034,2905,3668,3633,3637,3465
3433,3654,3542,3622,3411,3553,3679,3506,3546,3476,3543,3678,3600,3515,3354,3582,3534,3475,3034,2907,3669,3633,3639,3461
3433,3654,3542,3622,3411,3553,3679,3514,3544,3480,3540,3688,3595,3504,3361,3579,3525,3474,3034,2897,3668,3638,3641,3471
3470,3658,3545,3628,3418,3552,3687,3506,3549,3472,3543,3686,3596,3510,3358,3570,3529,3475,3033,2897,3668,3638,3641,3471
3473,3659,3553,3628,3420,3550,3685,3520,3547,3473,3534,3686,3596,3510,3358,3570,3529,3475,3033,2903,3669,3635,3639,3452
3478,3664,3552,3628,3420,3550,3685,3520,3547,3473,3534,3682,3589,3515,3353,3564,3527,3474,3029,2900,3669,3637,3641,3467
3478,3664,3552,3624,3428,3569,3682,3514,3548,3479,3534,3683,3587,3508,3350,3562,3530,3473,3030,2895,3671,3632,3643,3467
3475,3661,3554,3629,3421,3540,3690,3520,3547,3479,3532,3685,3584,3506,3353,3562,3530,3473,3030,2895,3671,3632,3643,3465
3477,3659,3556,3625,3425,3563,3692,3520,3547,3479,3532,3685,3584,3506,3353,3566,3521,3482,3027,2899,3670,3637,3637,3467
3477,3659,3556,3625,3425,3563,3692,3515,3542,3482,3541,3681,3591,3504,3338,3570,3526,3467,3031,2898,3671,3636,3640,3471
3475,3649,3557,3632,3422,3562,3688,3503,3544,3483,3499,3685,3591,3504,3348,3565,3528,3470,3027,2898,3671,3636,3640,3471
3471,3665,3558,3634,3430,3562,3688,3510,3550,3483,3534,3685,3591,3504,3348,3565,3528,3470,3027,2898,3670,3636,3642,3467
3469,3664,3557,3634,3430,3562,3688,3510,3550,3483,3534,3680,3584,3499,3350,3562,3528,3469,3032,2896,3665,3642,3643,3471
3469,3664,3557,3636,3432,3561,3687,3515,3547,3473,3536,3679,3586,3501,3350,3559,3529,3475,3032,2889,3670,3645,3639,3471
3486,3651,3556,3629,3429,3560,3686,3513,3549,3482,3542,3685,3587,3506,3356,3559,3529,3475,3032,2889,3670,3645,3639,3469
3474,3660,3560,3638,3429,3561,3683,3513,3549,3482,3542,3685,3587,3506,3356,3560,3530,3471,3029,2887,3669,3637,3640,3466
3474,3660,3560,3638,3429,3561,3683,3518,3550,3482,3538,3676,3584,3505,3346,3564,3528,3471,3024,2897,3671,3638,3642,3469
3470,3664,3552,3634,3430,3567,3691,3521,3547,3479,3536,3679,3589,3507,3358,3564,3525,3476,3023,2897,3671,3638,3642,3469
3468,3653,3556,3638,3433,3558,3684,3520,3545,3476,3542,3679,3589,3507,3358,3564,3525,3476,3023,2892,3671,3636,3637,3464
3472,3659,3554,3638,3433,3558,3684,3520,3545,3476,3542,3680,3590,3504,3359,3569,3532,3478,3029,2895,3677,3636,3635,3460
3472,3659,3554,3634,3431,3556,3688,3522,3545,3480,3534,3669,3586,3509,3361,3558,3525,3465,3027,2899,3673,3628,3635,3460
3463,3666,3554,3631,3433,3556,3690,3524,3546,3486,3531,3674,3584,3506,3365,3558,3525,3465,3027,2899,3673,3628,3635,3469
3465,3661,3554,3633,3444,3556,3694,3524,3546,3486,3531,3674,3584,3506,3365,3566,3527,3475,3034,2900,3673,3633,3642,3475
3465,3661,3554,3633,3444,3556,3694,3525,3545,3474,3521,3683,3582,3508,3375,3557,3522,3478,3030,2900,3670,3639,3641,3470
3469,3660,3554,3632,3435,3570,3688,3517,3550,3474,3523,3675,3577,3505,3370,3553,3529,3468,3029,2900,3670,3639,3641,3470
3466,3659,3554,3633,3442,3566,3689,3523,3544,3478,3522,3675,3577,3505,3370,3553,3529,3468,3029,2898,3668,3642,3645,3478
3466,3664,3557,3633,3442,3566,3689,3523,3544,3478,3522,3682,3578,3505,3374,3550,3523,3474,3033,2900,3669,3651,3645,3480
3466,3664,3557,3628,3441,3563,3692,3518,3545,3486,3520,3679,3580,3498,3366,3559,3524,3476,3030,2892,3678,3649,3642,3480
3473,3658,3561,3640,3437,3569,3693,3517,3551,3475,3522,3685,3570,3497,3370,3559,3524,3476,3030,2892,3678,3649,3642,3480
3476,3663,3555,3644,3439,3566,3691,3517,3551,3475,3522,3685,3570,3497,3370,3541,3521,3470,3026,2892,3667,3641,3636,3473
3476,3663,3555,3644,3439,3566,3691,3520,3552,3484,3523,3677,3570,3497,3360,3550,3517,3473,3030,2894,3668,3638,3635,3473
3469,3652,3559,3641,3438,3564,3696,3506,3548,3492,3526,3667,3573,3496,3355,3551,3517,3464,3026,2894,3668,3638,3635,3473
3477,3657,3563,3637,3435,3563,3672,3523,3548,3491,3527,3667,3573,3496,3355,3551,3517,3464,3026,2893,3670,3644,3640,3469
3474,3661,3561,3637,3435,3563,3672,3523,3548,3491,3527,3675,3580,3502,3355,3555,3520,3470,3033,2897,3672,3640,3635,3466
3474,3661,3561,3640,3436,3564,3678,3511,3552,3489,3525,3678,3575,3498,3364,3556,3514,3465,3026,2898,3676,3641,3639,3466
3469,3664,3560,3636,3432,3560,3690,3506,3550,3483,3527,3677,3579,3498,3359,3556,3514,3465,3026,2898,3676,3641,3639,3473
3474,3668,3560,3633,3439,3559,3690,3506,3550,3483,3527,3677,3579,3498,3359,3564,3524,3462,3034,2901,3674,3643,3639,3470
3474,3668,3560,3633,3439,3559,3690,3515,3546,3483,3526,3674,3583,3497,3368,3556,3522,3448,3030,2898,3673,3650,3637,3477
3472,3662,3558,3634,3429,3571,3690,3514,3548,3483,3528,3681,3573,3500,3370,3551,3529,3458,3024,2898,3673,3650,3637,3477
3482,3666,3554,3640,3444,3562,3693,3507,3540,3487,3525,3681,3573,3500,3370,3551,3529,3458,3024,2895,3675,3644,3637,3479
3479,3663,3567,3640,3444,3562,3693,3507,3540,3487,3525,3680,3578,3505,3368,3552,3518,3448,3024,2892,3677,3650,3623,3471
3479,3663,3567,3641,3436,3572,3692,3510,3545,3486,3530,3679,3571,3498,3361,3534,3515,3453,3027,2889,3674,3629,3639,3471
3487,3657,3569,3638,3438,3573,3690,3502,3549,3490,3525,3681,3571,3508,3366,3534,3515,3453,3027,2889,3674,3629,3639,3476
3481,3664,3569,3646,3443,3574,3694,3502,3549,3490,3525,3681,3571,3508,3366,3543,3516,3455,3021,2888,3675,3640,3643,3478
3481,3664,3569,3646,3443,3574,3694,3501,3557,3478,3531,3686,3572,3497,3361,3553,3519,3454,3026,2889,3674,3654,3641,3479
3486,3664,3564,3645,3438,3576,3696,3507,3544,3487,3528,3679,3576,3505,3360,3545,3524,3455,3022,2889,3674,3654,3641,3479
3472,3661,3569,3638,3440,3579,3687,3499,3547,3490,3528,3679,3576,3505,3360,3545,3524,3455,3022,2892,3669,3643,3643,3481
3478,3669,3570,3638,3440,3579,3687,3499,3547,3490,3528,3676,3571,3493,3369,3551,3518,3438,3027,2893,3646,3653,3650,3491
3478,3669,3570,3640,3440,3571,3689,3499,3552,3489,3522,3677,3569,3502,3370,3553,3524,3447,3022,2897,3674,3650,3643,3491
3478,3665,3562,3647,3439,3568,3694,3501,3544,3490,3522,3674,3556,3504,3374,3553,3524,3447,3022,2897,3674,3650,3643,3482
3476,3668,3568,3647,3450,3564,3684,3501,3544,3490,3522,3674,3556,3504,3374,3548,3516,3444,3022,2890,3675,3651,3638,3490
